TAHUN,STATUS SYARIKAT,AGENSI,NAMA SYARIKAT,NEGERI,ALAMAT SYARIKAT,NO. TEL SYARIKAT,TARIKH PENUBUHAN,MODAL DIBENARKAN,MODAL BERBAYAR,AKTIVITI SYARIKAT,KATEGORI SYARIKAT,SEKTOR
2017,AKTIF-KPI,FELCRA,FELCRA Bina Sdn. Bhd.,Kuala Lumpur,"WISMA BINA@HEDGEFORD 33 G-2, BLOK A, JALAN MAJU RIA, PLAZA WANGSAMAJU 53300 KUALA LUMPUR. TEL: 03-41312009/8006   FAKS:03-41442009",03-41312009/8006,11/02/2000,"10,000,000.00","10,000,000.00",Menjalankan ‘core business’ sebagai pelaksana kepada aktiviti pembinaan projek-projek yang ditawarkan oleh FELCRA serta membida projek luar,SUBSIDIARI,HARTANAH
2017,AKTIF-KPI,FELCRA,FELCRA Properties Sdn. Bhd.,Kuala Lumpur,"Aras Bawah, Wisma FELCRA, Lot  PT4780, Jalan Rejang, Setapak Jaya 53300 KUALA LUMPUR",03-4145 5050,17/08/2011,"10,000,000.00","2,000,000.00",Hartanah,SUBSIDIARI,HARTANAH
2017,AKTIF-KPI,FELCRA,Permodalan FELCRA Sdn. Bhd.,Kuala Lumpur,"WISMA FELCRA BHD, ARAS 5, LOT 4780, JALAN REJANG, SETAPAK JAYA, 50772  KUALA LUMPUR.",03-4145 5112,31/01/2012,"200,000,000.00","130,000,000.00",(i) Pelaburan di dalam bidang hartanah (ii) Pelaburan Amanah Hartanah Bumiputera (AHB) (iii) Pelaburan Simpanan Tetap,SUBSIDIARI,PELABURAN
2017,AKTIF-KPI,FELCRA,FELCRA Education Services Sdn. Bhd.,Kuala Lumpur,"Ibu Pejabat FELCRA Berhad,  tingkat 1 Wisma FELCRA, Lot  PT4780, Jalan Rejang, Setapak Jaya 53300 KUALA LUMPUR Tel   : 03-4145 5000 Faks: 03-4142 4570","Tel   : 03-4145 5000, Faks: 03-4142 4570",14/11/2011,"5,000,000.00","1,000,000.00","Menguruskan pusat latihan dan kolej (Pendidikan Tinggi, Kursus dan Latihan)",SUBSIDIARI,PENDIDIKAN
2017,AKTIF-KPI,FELCRA,FELCRA Training & Consultancy Sdn. Bhd.,Kuala Lumpur,"NO 22, JALAN RAMPAI NIAGA 4, RAMPAI BUSINESS PARK, 53300 KUALA LUMPUR",03-4143 3491,11/07/2002,"1,000,000.00","502,000.00",Menyediakan program latihan kemahiran dan perundingan kepada warga FELCRA Berhad dan anak-anak syarikatnya di samping latihan kemahiran dan perundingan kepada pihak swasta dan agensi kerajaan serta menjalankan seminar dan penyewaan kemudahan latihan di pusat dan sekolah latihan,SUBSIDIARI,PENDIDIKAN
2017,AKTIF-KPI,FELCRA,Yayasan FELCRA,Kuala Lumpur,"ARAS 2B WISMA FELCRA BERHAD, SETAPAK JAYA, KUALA LUMPUR.",03-41455476,06/12/1999,,,Meningkatkan pelajaran. Latihan dan kebajikan keluarga peserta-peserta dan staf,SUBSIDIARI,PENDIDIKAN
2017,AKTIF-KPI,FELCRA,FELCRA Bekalan & Perkhidmatan Sdn. Bhd.,Kuala Lumpur,"NO 8,JALAN USAHAWAN 5,KAWASAN PERUSAHAAN SETAPAK,53300 KUALA LUMPUR",03-41415608/5609,01/03/2000,"3,000,000.00","1,500,000.00",(i) Menjadi penyedia perkhidmatan agen korporat insuran/takaful (ii) Pembekal bekalan pelbagai dan perkhidmatan (iii) Pengedaran makanan dan produk jenama HeMAT,SUBSIDIARI,PERUNCITAN
2017,AKTIF-KPI,FELCRA,FELCRA Food Industries Sdn Bhd,Kuala Lumpur,"NO.9-2 & 3 JALAN SRI REJANG 1, RAMPAI BUSINESS PARK (SOUTH) TAMAN SERI RAMPAI, 53300 KUALA LUMPUR",03-41417979,14/04/2014,"5,000,000.00","1,000,000.00",Industri Makanan,SUBSIDIARI,PERKILANGAN
2017,AKTIF-KPI,FELCRA,FELCRA Processing & Engineering Sdn. Bhd.,Kuala Lumpur,"NO. 22A, JALAN RAMPAI NIAGA 4, RAMPAI BUSINESS PARK, 53300 SETAPAK, KUALA LUMPUR",03-4142 4853/ 03-4149 5341,15/11/1975,"5,000,000.00","3,730,000.00",(i) Kilang Kelapa Sawit (ii) Bekalan Kejuruteraan (iii) Pengurusan Projek dan Kontrak (iv) Jentera Pertanian (v) Kilang Isi Rong Sawit (vi) Dried Long Fiber (vii) Feed Mill (viii) Santan Sawit,SUBSIDIARI,PERKILANGAN
2017,AKTIF,FELCRA,Diversatech (M) Sdn Bhd,Selangor,"A-01-02 JALAN MEDAN PB5, PARAGON POINT, SEKSYEN 9, 43650 BANDAR BARU BANGI, SELANGOR.",03-8926 3103,09/12/1998,"25,000,000.00","8,000,000.00",Pemprosesan Baja (Niche Market) - AJIB,SUBSIDIARI,PERKILANGAN
2017,AKTIF-KPI,FELCRA,FELCRA Agro Industry Sdn. Bhd.,Kuala Lumpur,"Aras 2, Wisma FELCRA Lot  PT 4780, Jalan Rejang, Setapak Jaya 53300 KUALA LUMPUR",03-4142 6048,28/03/1998,"5,000,000.00","3,000,000.00","(i) Pertanian (Pembekalan Benih, Penjagaan Tapak Semaian) (ii) Perkhidmatan (iii) Pentadbiran & Kewangan",SUBSIDIARI,PERLADANGAN
2017,AKTIF-KPI,FELCRA,FELCRA Balingian Plantation Sdn. Bhd.,Kuala Lumpur,"WISMA FELCRA, ARAS 6, LOT PT4780, JALAN REJANG, 53300 SETAPAK JAYA, KUALA LUMPUR",03-4145 5000,01/04/1998,"1,000,000.00","100,000.00",Membangunkan tanah Kerajaan Negeri Sarawak di Balingian menjadi ladang kelapa sawit dan menjalankan aktiviti perladangan,SUBSIDIARI,PERLADANGAN
2017,AKTIF-KPI,FELCRA,FELCRA Daya Khas Plantation Sdn. Bhd.,Kuala Lumpur,"WISMA FELCRA, ARAS 6, LOT PT4780, JALAN REJANG, 53300 SETAPAK JAYA, KUALA LUMPUR",03-4145 5000,18/09/1997,"1,000,000.00","100,000.00","Membangunkan tanah kurniaan Kerajaan Negeri Sarawak di Klauh, Sri Aman menjadi ladang kelapa sawit dan menjalankan aktiviti perladangan.",SUBSIDIARI,PERLADANGAN
2017,AKTIF-KPI,FELCRA,FELCRA Ever Herald Sdn. Bhd.,Kuala Lumpur,"WISMA FELCRA, ARAS 6, LOT PT4780, JALAN REJANG, 53300 SETAPAK JAYA, KUALA LUMPUR",03-4145 5000,15/09/1998,"100,000.00","15,000.00",Estet Usahasama,SUBSIDIARI,PERLADANGAN
2017,AKTIF-KPI,FELCRA,FELCRA Gedong Plantation Sdn. Bhd.,Kuala Lumpur,"WISMA FELCRA, ARAS 6, LOT PT4780, JALAN REJANG, 53300 SETAPAK JAYA, KUALA LUMPUR",03-4145 5000,05/07/2001,"500,000.00","100,000.00",Membangunkan tanah Kerajaan Negeri Sarawak di Gedong menjadi ladang kelapa sawit dan menjalankan aktiviti perladangan,SUBSIDIARI,PERLADANGAN
2017,AKTIF-KPI,FELCRA,FELCRA Livestok & Agri Product Sdn. Bhd.,Kuala Lumpur,"ARAS 2A WISMA FELCRA BERHAD, SETAPAK JAYA, KUALA LUMPUR.",03-41455494,14/01/2013,"10,000,000.00","1,000,000.00",Pembangunan tanah dan pertanian (Ternakan dan Produk Halal),SUBSIDIARI,PERUNCITAN
2017,AKTIF-KPI,FELCRA,FELCRA Niaga Sdn. Bhd.,Kuala Lumpur,"NO 10, JALAN USAHAWAN 5, KAWASAN PERUSAHAAN SETAPAK, OFF JALAN GENTING KLANG, 53300 SETAPAK, KUALA LUMPUR",019-2208055,21/10/1998,"5,000,000.00","2,000,000.00",Memproses dan membekalkan baja dan bahan Kimia (racun herba dan racun perosak) serta menjalankan aktiviti perniagaan bagi input pertanian melalui Kedai FenShoppe di seluruh negara.,SUBSIDIARI,PERLADANGAN
2017,AKTIF-KPI,FELCRA,FELCRA Pelita Jemoreng Sdn. Bhd.,Kuala Lumpur,"WISMA FELCRA, ARAS 6, LOT PT4780, JALAN REJANG, 53300 SETAPAK JAYA, KUALA LUMPUR",03-4145 5000,18/10/2004,"20,000,000.00","14,031,000.00","Membangunkan tanah kurniaan Kerajaan Negeri Sarawak di Jemoreng, Sarawak menjadi ladang kelapa sawit dan menjalankan aktiviti perladangan.",SUBSIDIARI,PERLADANGAN
2017,AKTIF-KPI,FELCRA,FELCRA Plantation Services Sdn. Bhd.,Kuala Lumpur,"B-024, Jalan 3/4C, Desa Melawati, Mukim Setapak,53100 Kuala Lumpur",03-4161 3320,02/07/1998,"500,000.00","200,000.00",Menyediakan perkhidmatan perladangan dan pertanian serta pengurusan kilang padi,SUBSIDIARI,PERLADANGAN
2017,AKTIF-KPI,FELCRA,FELCRA Sundar Awat-Awat Plantation Sdn. Bhd.,Kuala Lumpur,"WISMA FELCRA, ARAS 6, LOT PT4780, JALAN REJANG, 53300 SETAPAK JAYA, KUALA LUMPUR",03-4145 5000,09/02/1999,"500,000.00","150,000.00",Membangunkan tanah Kerajaan Negeri Sarawak di Sundar dan Awat-awat menjadi ladang kelapa sawit dan menjalankan aktiviti perladangan,SUBSIDIARI,PERLADANGAN
2017,AKTIF-KPI,FELCRA,FELCRA Urus Estet Sdn. Bhd.,Kuala Lumpur,"B5.2.1 & B5.3.1, WISMA FUESB, GAYA MELAWATI, URBAN 2, LORONG SELANGOR, PUSAT BANDAR  MELAWATI, 53100 KUALA LUMPUR.",03-41625657/5658/6657,31/05/2000,"5,000,000.00","1,000,000.00",Menjalankan perkhidmatan pengurusan ladang dan kontrak perladangan,SUBSIDIARI,PERLADANGAN
2017,AKTIF-KPI,KEDA,KEDA HOLDINGS SDN BHD,Kedah,"TINGKAT 6, ANJUNG UTARA, BANGUNAN KWSP-PELADANG, JALAN SULTAN BADLISHAH, 05000 ALOR SETAR, KEDAH",04-7250071/0072,08/06/2010,"25,000,000.00","25,000,000.00","PELABURAN,PEMBANGUNAN HARTANAH DAN PERDAGANGAN AM",SUBSIDIARI,PELABURAN
2017,AKTIF-KPI,KEDA,KEDA PROPERTIES AND MANAGEMENT SDN BHD,Kedah,"TINGKAT 6, ANJUNG UTARA, BANGUNAN KWSP-PELADANG, JALAN SULTAN BADLISHAH, 05000 ALOR SETAR, KEDAH",04-7250071/0072,12/08/2010,"1,000,000.00","1,000,000.00","PENGURUSAN HARTANAH, PEMBINAAN DAN PEMBANGUNAN HARTANAH LOT IKS DAN KEDAI RUNCIT SERTA PERKHIDMATAN DAN PEMBEKALAN AM",SUB-SUBSIDIARI,HARTANAH
2017,AKTIF-KPI,KEDA,KEDA RESORT AND HOLIDAYS SDN BHD,Kedah,"KAMPUNG BENDANG MAN, 08200 SIK, KEDAH",04-4620369/0370,12/08/2010,"500,000.00","250,000.00","RESORT, PUSAT LATIHAN, PROMOSI PRODUK-PRODUK PELANCONGAN DESA, PERUNDING KORPORAT DAN PENYEDIA MAKANAN",SUB-SUBSIDIARI,PELANCONGAN
2017,AKTIF-KPI,KEDA,KEDA AGROBIZ SDN BHD,Kedah,"LOT 2345, KAMPUNG CHARUK TUALANG, JALAN GURUN-SIK, BATU LIMA, 08200 SIK, KEDAH",04-4626230,12/08/2010,"500,000.00","250,000.00","KILANG AIR MINERAL PERNIAGAAN AGRO, PERDAGANGAN AM DAN PERLADANGAN",SUB-SUBSIDIARI,PERUNCITAN
2017,AKTIF-KPI,KEJORA,KEJORA DEVELOPMENT HOLDING SDN. BHD.,Johor,"PTD 10422, Jalan Ungku Abdul Aziz, Kawasan Perindustrian Bandar Penawar Fasa 3, 81930 Bandar Penawar Johor Darul Ta’zim","07-822 1212, 07-822 1067",04/04/2011,"25,000,000.00","15,000,000.00",SYARIKAT PEGANGAN PELABURAN,SUBSIDIARI,PELABURAN
2017,AKTIF-KPI,KEJORA,KEJORA LAND DEVELOPMENT SDN BHD,Johor,"PTD 10422, Jalan Ungku Abdul Aziz, Kawasan Perindustrian Bandar Penawar Fasa 3, 81930 Bandar Penawar Johor Darul Ta’zim","07-822 1212, 07-822 1067, 07-882 4212, 07-882 3212",28/11/2012,"5,000,000.00","5,000,000.00",PEMBANGUNAN HARTANAH,SUB-SUBSIDIARI,HARTANAH
2017,AKTIF-KPI,KEJORA,KEJORA HOSPITALITY & SERVICES SDN BHD,Johor,"PTD 10422, Jalan Ungku Abdul Aziz, Kawasan Perindustrian Bandar Penawar Fasa 3, 81930 Bandar Penawar Johor Darul Ta’zim","07-822 1212, 07-822 1067",30/11/2012,"500,000.00","500,000.00",PELANCONGAN DAN HOSPITALITI SERTA MEMPROMOSI PRODUK PELANCONGAN DESA,SUB-SUBSIDIARI,PELANCONGAN
2017,AKTIF-KPI,KEJORA,KEJORA AGRO SDN. BHD.,Johor,"PTD 10422, Jalan Ungku Abdul Aziz, Kawasan Perindustrian Bandar Penawar Fasa 3, 81930 Bandar Penawar Johor Darul Ta’zim","07-822 1212, 07-822 1067",28/11/2012,"500,000.00","500,000.00",URUS DAN USAHAKAN TANAH PERTANIAN TERMASUK MELAKSANAKAN PERTANIAN MODEN,SUB-SUBSIDIARI,PERLADANGAN
2017,AKTIF-KPI,KESEDAR,KESEDAR HOLDINGS SDN BHD,Kelantan,"KESEDAR Holdings Sdn Bhd, BZ-13 Dataran KESEDAR Putra, 18300 Gua Musang.",09-9124700,17/04/2017,"1,500,004.00","1,100,004.00",PEMEGANG PELABURAN,SUBSIDIARI,PELABURAN
2017,AKTIF-KPI,KESEDAR,KESEDAR PERKILANGAN SDN BHD,Kelantan,"KESEDAR Perkilangan Sdn Bhd (KPSB), PT 9307 Bandar Baru Gua Musang, 18300 Gua Musang Kelantan.",09-9120788,02/06/1989,"17,000,000.00","16,900,010.00",PEMPROSESAN SAWIT & PERLADANGAN,SUB-SUBSIDIARI,PERKILANGAN
2017,AKTIF-KPI,KESEDAR,KESEDAR DAGANG SDN BHD,Kelantan,"KESEDAR Dagang Sdn. Bhd., PT 2977 Taman KESEDAR Jaya, 18300 Gua Musang Kelantan",09-9123379,27/10/1989,"1,000,000.00","700,002.00",HARTANAH,SUB-SUBSIDIARI,HARTANAH
2017,AKTIF-KPI,KESEDAR,KESEDAR HOTEL TRAVEL & TOURS SDN BHD,Kelantan,KESEDAR Hotel Travel and Tours Sdn. Bhd. Jalan KESEDAR Inn 18300 Gua Musang Kelantan.,09-9122980,04/06/2017,"500,000.00","300,002.00",PERHOTELAN & PELANCONGAN,SUB-SUBSIDIARI,PELANCONGAN
2017,AKTIF-KPI,KETENGAH,KETENGAH HOLDING.SDN.BHD,Terengganu,"LOT 70029, JALAN SULTAN ZAINAL ABIDIN 3, BANDAR ALMUKTAFI BILLAH SHAH, 23409 DUNGUN TERENGGANU",09-8223800,09/07/2003,"100,000,000.00","37,289,625.00",PELABURAN,SUBSIDIARI,PELABURAN
2017,AKTIF-KPI,KETENGAH,KETENGAH PROPERTIES SDN.BHD,Terengganu,"BANGUNAN KETENGAH HOLDING SDN BHD, LOT 70029, JALAN SULTAN ZAINAL ABIDIN 3, BANDAR ALMUKTAFI BILLAH SHAH, 23409 DUNGUN TERENGGANU",09-8223800,16/08/1985,"1,000,000.00","450,002.00",HARTANAH,SUB-SUBSIDIARI,HARTANAH
2017,AKTIF-KPI,KETENGAH,NIKANIAGA TRAVEL & TOURS SDN.BHD,Terengganu,"BANGUNAN KETENGAH HOLDING SDN BHD, LOT 70029, JALAN SULTAN ZAINAL ABIDIN 3, BANDAR ALMUKTAFI BILLAH SHAH, 23409 DUNGUN TERENGGANU",09-8223800,21/07/1981,"5,000,000.00","1,700,000.00",PERNIAGAAN AM & PELANCONGAN,SUB-SUBSIDIARI,PELANCONGAN
2017,AKTIF-KPI,KETENGAH,KOLEJ KETENGAH SDN.BHD,Terengganu,"BANGUNAN KETENGAH HOLDING SDN BHD, LOT 70029, JALAN SULTAN ZAINAL ABIDIN 3, BANDAR ALMUKTAFI BILLAH SHAH, 23409 DUNGUN TERENGGANU",09-8223800,11/07/1981,"5,000,000.00","1,000,000.00",PENDIDIKAN,SUB-SUBSIDIARI,PENDIDIKAN
2017,AKTIF-KPI,KETENGAH,KUARI PONDOK LIMAU SDN.BHD,Terengganu,"BANGUNAN KETENGAH HOLDING SDN BHD, LOT 70029, JALAN SULTAN ZAINAL ABIDIN 3, BANDAR ALMUKTAFI BILLAH SHAH, 23409 DUNGUN TERENGGANU",09-8223800,12/08/1981,"5,000,000.00","2,800,000.00",PENGELUARAN BAHAN KUARI,SUB-SUBSIDIARI,PERKHIDMATAN
2017,AKTIF-KPI,KETENGAH,KUARI TRENGGANU TENGAH SDN.BHD,Terengganu,"BANGUNAN KETENGAH HOLDING SDN BHD, LOT 70029, JALAN SULTAN ZAINAL ABIDIN 3, BANDAR ALMUKTAFI BILLAH SHAH, 23409 DUNGUN TERENGGANU",09-8223800,26/04/1976,"2,000,000.00","1,000,002.00",PENGELUARAN BAHAN KUARI,SUB-SUBSIDIARI,PERKHIDMATAN
2017,AKTIF-KPI,KETENGAH,KETENGAH PERWIRA SDN.BHD (KPSB),Terengganu,"BANGUNAN KETENGAH HOLDING SDN BHD, LOT 70029, JALAN SULTAN ZAINAL ABIDIN 3, BANDAR ALMUKTAFI BILLAH SHAH, 23409 DUNGUN TERENGGANU",09-8223800,22/09/1976,"30,000,000.00","28,000,000.00",PERLADANGAN KELAPA SAWIT,SUB-SUBSIDIARI,PERLADANGAN
2017,AKTIF-KPI,KETENGAH,SURADA JAYA SDN.BHD,Terengganu,"BANGUNAN KETENGAH HOLDING SDN BHD, LOT 70029, JALAN SULTAN ZAINAL ABIDIN 3, BANDAR ALMUKTAFI BILLAH SHAH, 23409 DUNGUN TERENGGANU",09-8223800,08/07/1983,"500,000.00","500,000.00",PENTERNAKAN DAN INSURANS,SUB-SUBSIDIARI,PERLADANGAN
2017,AKTIF-KPI,KETENGAH,YIT KETENGAH PERWIRA SDN. BHD.,Terengganu,"BANGUNAN KETENGAH HOLDING SDN BHD, LOT 70029, JALAN SULTAN ZAINAL ABIDIN 3, BANDAR ALMUKTAFI BILLAH SHAH, 23409 DUNGUN TERENGGANU",09-8223800,21/04/1993,"10,000,000.00","6,000,000.00",PERLADANGAN KELAPA SAWIT,SUB-SUBSIDIARI,PERLADANGAN
2017,AKTIF-KPI,KETENGAH,KEBUNIKA SDN. BHD.,Terengganu,"BANGUNAN KETENGAH HOLDING SDN BHD, LOT 70029, JALAN SULTAN ZAINAL ABIDIN 3, BANDAR ALMUKTAFI BILLAH SHAH, 23409 DUNGUN TERENGGANU",09-8223800,18/12/1985,"5,000,000.00","350,000.00",PERLADANGAN KELAPA SAWIT,SUB-SUBSIDIARI,PERLADANGAN
2017,AKTIF-KPI,MARA,Asia Aerotechnic Sdn. Bhd. (AAT),Selangor,"M14, SkyPark Terminal Sultan Abdul Aziz Shah Airport 47200 Subang Selangor",03-7840 0980,21/10/1995,"50,000,000.00","27,148,562.00",Syarikat yang terlibat dalam bidang Maintenance Repair & Overhaul (MRO),SUBSIDIARI,PERKHIDMATAN
2017,AKTIF-KPI,MARA,Pusat Pembangunan Reka Bentuk Malaysia Sdn. Bhd. (DDEC),Kuala Lumpur,"No. 22, Jalan Kia Peng 50450 Kuala Lumpur",03-2161 9002/3005,31/01/1987,"10,000,000.00","6,698,492.00",Kegiatan utama syarikat adalah menyelaras aktiviti reka bentuk produk dalam pelbagai bidang ke arah pengkomersilan produk tempatan dan antarabangsa,SUBSIDIARI,PERKHIDMATAN
2017,AKTIF-KPI,MARA,F.I.T. Center Sdn. Bhd. (FITEC),Kuala Lumpur,"Off KM 13, Jalan Batu Caves 68100 Batu Caves Kuala Lumpur",03-6187 6195/96,28/01/1994,"10,000,000.00","5,671,600.00",Pengurusan pusat latihan yang berkaitan dengan industri perabot dan jual beli perabot,SUBSIDIARI,PERKHIDMATAN
2017,AKTIF-KPI,MARA,GIATMARA Sdn. Bhd. (GIATMARA),Kuala Lumpur,"WISMA GIATMARA No.39, Jalan Medan Tuanku 50300 Kuala Lumpur",03-6187 6195/96,11/08/1986,"5,000,000.00","1,000,000.00",Pengurusan  tenaga pengajar kemahiran teknikal dan pelaksana projek Program Pembangunan Rakyat Termiskin (PPRT) oleh KKLW,SUBSIDIARI,PENDIDIKAN
2017,AKTIF-KPI,MARA,Glocal Link (M) Sdn. Bhd. (GLSB),Kuala Lumpur,"Tingkat 39, Lot 1, Menara TH Perdana 1001, Jalan Sultan Ismail 50250 Kuala Lumpur",03-2606 3993,14/12/1989,"100,000,000.00","51,988,520.00",Menyediakan perniagaan am dan perkhidmatan pengurusan,SUBSIDIARI,PERUNCITAN
2017,AKTIF-KPI,MARA,German Malaysian Institute (GMI) (Syarikat Di bawah Jaminan),Selangor,"Jalan Ilmiah, Taman Universiti 43000 Kajang Selangor",03-8921 9000/9181,01/09/1992,,,"Sebagai institusi pengajian tinggi dan memberi perkhidmatan kursus, latihan teknikal, teknologi pengeluaran dan elektronik industri.",SUBSIDIARI,PENDIDIKAN
2017,AKTIF-KPI,MARA,Harta Prima Realties Sdn. Bhd.(Dahulu dikenali YPM Realties Sdn. Bhd. (YPMR),Kuala Lumpur,"d/a Tingkat 8, Ibu Pejabat MARA 21, Jalan MARA 50609 Kuala Lumpur",03-26135061,24/08/1973,"10,000,000.00","3,000,000.00","Penyediaan perkhidmatan pengurusan, pembinaan dan pembangunan hartanah",SUBSIDIARI,HARTANAH
2017,AKTIF-KPI,MARA,Kolej Poly-Tech MARA Sdn. Bhd. (KPTM),Kuala Lumpur,"Jalan 6/91, Taman Shamelin Perkasa Cheras 56100 Kuala Lumpur",03-9281 9700/  928404639,12/05/2001,"100,000,000.00","51,000,000.00",Mengurus dan menjalankan institusi pendidikan yang menawarkan program latihan dan pendidikan di dalam pelbagai bidang pengajian yang diiktiraf,SUBSIDIARI,PENDIDIKAN
2017,AKTIF-KPI,MARA,MARA- Aerospace & Technologies Sdn. Bhd. (M-AeroTech),Selangor,"Suite 3.01, Level 3 Menara OBYU, Bandar Damansara Perdana 47820 Petaling Jaya Selangor",03-7731 1881,21/02/2013,"5,000,000.00","2,400,000.00",Penyediaan aktiviti pembangunan human capital dan perkhidmatan konsultasi berkaitan teknologi industri aeroangkasa,SUBSIDIARI,PERKHIDMATAN
2017,AKTIF-KPI,MARA,MARA Corporation Sdn. Bhd. (MARA Corp.),Kuala Lumpur,"d/a Bahagian Pelaburan dan Pembangunan Subsidiari, Tingkat 22, Ibu Pejabat MARA",03-7731 1881,17/11/2014,"10,000,000.00","4,000,000.00",Syarikat induk kepada syarikat subsidiari MARA,SUBSIDIARI,PELABURAN
2017,AKTIF-KPI,MARA,MARA Incorporated Sdn. Bhd. (MARA Inc.),Kuala Lumpur,"No. 2, Eight Setiawangsa Jalan Setiawangsa 13 Taman Setiawangsa, 54200 Kuala Lumpur",03-4251 4668,06/07/1979,"500,000,000.00","301,200,002.00",Syarikat terlibat dalam aktiviti pelaburan.,SUBSIDIARI,PELABURAN
2017,AKTIF-KPI,MARA,MARA Excellent Ventures Sdn. Bhd. (MEX),Kuala Lumpur,"13C, Tingkat 3 Jalan Medan Tuanku, Medan Tuanku 50300 Kuala Lumpur",03-2202 7255,10/09/1979,"25,000,000.00","1,500,002.00",Menyediakan perkhidmatan pusat pembelajaran seperti MRSM Swasta & International Baccalaureate (IB),SUBSIDIARI,PENDIDIKAN
2017,AKTIF-KPI,MARA,MARA Liner Sdn. Bhd. (MLSB),Kuala Lumpur,"Lot 26G, Jalan Medan Tuanku 1 Jalan Tengku Abdul Rahman 50300 Kuala Lumpur",03-2602 2691,11/02/1982,"25,000,000.00","15,000,022.00","Penyediaan perkhidmatan pengangkutan bas, perkhidmatan bengkel",SUBSIDIARI,PERKHIDMATAN
2017,AKTIF-KPI,MARA,Pelaburan MARA Berhad (PMB),Kuala Lumpur,"Tingkat 20, 1 Sentral Jalan Rakyat, Kuala Lumpur Sentral 50470 Kuala Lumpur",03-2785 9889,24/06/1967,"200,000,000.00","100,000,000.00",Syarikat pemegang pelaburan dan perniagaan Sekuriti Bolehpasar,SUBSIDIARI,PELABURAN
2017,AKTIF-KPI,MARA,Rural Capital Berhad (RCB),Kuala Lumpur,"Tingkat 8, Menara RKT 36 Jalan Raja Abdullah 50300 Kuala Lumpur",03-2691 0869,08/10/1984,"6,000,000.00","2,607,606.00","Syarikat menjalankan perkhidmatan kewangan, pembiayaan, pemindahan wang dan pembayaran & kutipan hutang",SUBSIDIARI,PELABURAN
2017,AKTIF-KPI,MARA,Technology Park Malaysia College Sdn. Bhd. (TPMC),Kuala Lumpur,Technology Park Malaysia College Sdn Bhd Technology Park Malaysia Bukit Jalil 57000 Kuala Lumpur,,18/08/1998,"25,000,000.00","15,000,000.00","Perniagaan dalam program pendidikan dan latihan kejuruteraan, teknologi maklumat dan bioteknologi",SUBSIDIARI,PENDIDIKAN
2017,AKTIF-KPI,MARA,Universiti Teknikal MARA Sdn. Bhd. (UNITEK-MARA),Kuala Lumpur,"Universiti Kuala Lumpur 1016, Jalan Sultan Ismail 50250 Kuala Lumpur",03-2175 4000,28/01/2002,"50,000,000.00","30,000,000.00",Syarikat induk yang mengendali dan  mengurus Universiti Kuala Lumpur dan cawangan-cawangannya.,SUBSIDIARI,PENDIDIKAN
2017,AKTIF,MARA,UNIMARA Sdn. Bhd. (UniMARA) (Dahulu dikenali sebagai Malaysian Spanish Institute Sdn Bhd (MSI),Kuala Lumpur,"G-1, Enterprise 3A Jalan Inovasi 1, Technology Park Malaysia 57000 Bukit Jalil Kuala Lumpur",012-4446918,04/07/2000,"25,000,000.00","20,000,002.00",Pengurusan institusi pelajaran dan menyediakan latihan lanjutan dalam bidang kejuruteraan automotif dan teknologi pembuatan komponen.,SUBSIDIARI,PENDIDIKAN
2017,AKTIF-KPI,MARA,Yayasan Pelajaran MARA (YPM),Kuala Lumpur,"Aras 18, Menara MARA 232, Jalan Tuanku Abdul Rahman 50100 Kuala Lumpur",03-2692 7273/6827,01/05/1969,,,"Pengumpulan dana, pemberian bantuan persekolahan, penajaan pengajian tinggi Jepun dan pelaburan",SUBSIDIARI,PENDIDIKAN
2017,AKTIF,MARA,MARA Inc. (London)Limited,Kuala Lumpur,"No. 2, Eight Setiawangsa Jalan Setiawangsa 13 Taman Setiawangsa 54200 Kuala Lumpur",03-4251 4668,13/02/2009,"5,400,000.00","108,000.00",Menguruskan semua aset yang dimiliki oleh MARA Inc. di London.,SUB-SUBSIDIARI,HARTANAH
2017,AKTIF,MARA,"Beaumont House Ltd., London",Kuala Lumpur,"No. 2, Eight Setiawangsa Jalan Setiawangsa 13 Taman Setiawangsa 54200 Kuala Lumpur",03-4251 4668,28/02/2014,"270,000.00",5.40,"SPV BVI company yang merupakan beneficial owner bagi Beaumont House, London.",SUB-SUBSIDIARI,HARTANAH
2017,AKTIF,MARA,"MARA Ventures Limited, London",Kuala Lumpur,"No. 2, Eight Setiawangsa Jalan Setiawangsa 13 Taman Setiawangsa 54200 Kuala Lumpur",03-4251 4668,16/02/2009,"270,000.00",5.40,Perkhidmatan pelaburan hartanah dan perunding pelaburan,SUB-SUBSIDIARI,HARTANAH
2017,AKTIF,MARA,"Thrushcross Land Holdings Limited, Australia",Kuala Lumpur,"No. 2, Eight Setiawangsa Jalan Setiawangsa 13 Taman Setiawangsa 54200 Kuala Lumpur",03-4251 4668,24/10/2012,"135,000,000.00","129,000,006.00","SPV BVI company yang merupakan beneficial owner bagi Dudley International House dan 746, Swanston Street, Melbourne, Australia.",SUB-SUBSIDIARI,HARTANAH
2017,AKTIF,MARA,"Billion Ascent Enterprise Corp., London",Kuala Lumpur,"No. 2, Eight Setiawangsa Jalan Setiawangsa 13 Taman Setiawangsa 54200 Kuala Lumpur",03-4251 4668,01/01/2012,"81,000,000.00","72,667,675.80","SPV BVI company yang merupakan beneficial owner bagi apartmen Ateliar, London.",SUB-SUBSIDIARI,HARTANAH
2017,AKTIF,MARA,"Porthouse Marketing Limited, London",Kuala Lumpur,"No. 2, Eight Setiawangsa Jalan Setiawangsa 13 Taman Setiawangsa 54200 Kuala Lumpur",03-4251 4668,10/12/2010,"270,000.00",5.40,Melaksanakan aktiviti pemasaran bagi semua aset yang diuruskan oleh MARA Inc. London Limited.,SUB-SUBSIDIARI,HARTANAH
2017,AKTIF,MARA,"Bower Property Limited, London",Kuala Lumpur,"No. 2, Eight Setiawangsa Jalan Setiawangsa 13 Taman Setiawangsa 54200 Kuala Lumpur",03-4251 4668,01/10/2010,"81,000,000.00","65,860,662.60","SPV British Virgin Island (BVI) company yang merupakan beneficial owner bagi Ashley Hotel, London.",SUB-SUBSIDIARI,HARTANAH
2017,AKTIF,MARA,"MARA Investment Pty Ltd., Australia",Kuala Lumpur,"No. 2, Eight Setiawangsa Jalan Setiawangsa 13 Taman Setiawangsa 54200 Kuala Lumpur",03-4251 4668,14/01/2013,,300.00,Menguruskan semua aset yang dimiliki oleh MARA Inc. di Australia.,SUB-SUBSIDIARI,HARTANAH
2017,AKTIF,MARA,"Queville Pty Ltd , Australia",Kuala Lumpur,"No. 2, Eight Setiawangsa Jalan Setiawangsa 13 Taman Setiawangsa 54200 Kuala Lumpur",03-4251 4668,28/05/2014,,"3,000.00","SPV company yang merupakan beneficial owner bagi 51, Queen Street, Melbourne, Australia.",SUB-SUBSIDIARI,HARTANAH
2017,AKTIF,MARA,"Peters Equity Pty Ltd., Australia",Kuala Lumpur,"No. 2, Eight Setiawangsa Jalan Setiawangsa 13 Taman Setiawangsa 54200 Kuala Lumpur",03-4251 4668,28/05/2014,,"3,000.00","SPV company yang merupakan beneficial owner bagi 333, Exhibition Street, Melbourne, Australia.",SUB-SUBSIDIARI,HARTANAH
2017,AKTIF,MARA,"Powerwell Holdings Ltd, Labuan",Kuala Lumpur,"No. 2, Eight Setiawangsa Jalan Setiawangsa 13 Taman Setiawangsa 54200 Kuala Lumpur",03-4251 4668,28/06/2013,,390.00,Tidak Aktif,SUB-SUBSIDIARI,HARTANAH
2017,AKTIF,MARA,"Vortex Holdings Ltd, Labuan",Kuala Lumpur,"No. 2, Eight Setiawangsa Jalan Setiawangsa 13 Taman Setiawangsa 54200 Kuala Lumpur",03-4251 4668,28/06/2013,,390.00,Tidak Aktif,SUB-SUBSIDIARI,HARTANAH
2017,AKTIF,MARA,"Carlton Garden Pte Ltd, Singapore",Kuala Lumpur,"No. 2, Eight Setiawangsa Jalan Setiawangsa 13 Taman Setiawangsa 54200 Kuala Lumpur",03-4251 4668,23/11/2012,,237.00,SPV company yang memiliki Peters Equity Pty Ltd.,SUB-SUBSIDIARI,HARTANAH
2017,AKTIF,MARA,"Marinn Property Pte Ltd, Singapore",Kuala Lumpur,"No. 2, Eight Setiawangsa Jalan Setiawangsa 13 Taman Setiawangsa 54200 Kuala Lumpur",03-4251 4668,28/02/2014,,237.00,SPV company yang memiliki Queville Pty Ltd.,SUB-SUBSIDIARI,HARTANAH
2017,AKTIF-KPI,MARA,"Premeira Hotel Sdn. Bhd., Kuala Lumpur",Kuala Lumpur,"No. 2, Eight Setiawangsa Jalan Setiawangsa 13 Taman Setiawangsa 54200 Kuala Lumpur",03-4251 4668,28/06/2013,100.00,2.00,Perhotelan,SUB-SUBSIDIARI,PELANCONGAN
2017,AKTIF,MARA,Symbolic Avenue Sdn. Bhd.,Kuala Lumpur,"No. 2, Eight Setiawangsa Jalan Setiawangsa 13 Taman Setiawangsa 54200 Kuala Lumpur",03-4251 4668,27/10/2010,"500,000.00","500,000.00","SPV bagi projek pembangunan hartanah di Jalan Maktab, Kuala Lumpur",SUB-SUBSIDIARI,HARTANAH
2017,AKTIF-KPI,MARA,PMB Tijari Berhad,Kuala Lumpur,"Tingkat 20, 1 Sentral Jalan Rakyat, Kuala Lumpur Sentral 50470 Kuala Lumpur",03-2785 9889,02/08/1994,"50,000,000.00","25,000,000.00",Dana pembiayaan Kewangan,SUB-SUBSIDIARI,PELABURAN
2017,AKTIF-KPI,MARA,PMB Investment  Berhad,Kuala Lumpur,"Tingkat 20, 1 Sentral Jalan Rakyat, Kuala Lumpur Sentral 50470 Kuala Lumpur",03-2785 9889,15/01/1993,"10,000,000.00","8,000,000.00",Pengurusan  unit amanah dan pengurusan dana,SUB-SUBSIDIARI,PELABURAN
2017,AKTIF-KPI,MARA,PMB Assets Sdn. Bhd.,Kuala Lumpur,"Tingkat 20, 1 Sentral Jalan Rakyat, Kuala Lumpur Sentral 50470 Kuala Lumpur",03-2785 9889,10/07/1996,"100,000.00","10,000.00",Pelaburan hartanah,SUB-SUBSIDIARI,PELABURAN
2017,AKTIF-KPI,MARA,PMB Consulting Sdn. Bhd,Kuala Lumpur,"Tingkat 20, 1 Sentral Jalan Rakyat, Kuala Lumpur Sentral 50470 Kuala Lumpur",03-2785 9889,05/08/1995,"5,000,000.00","2,500,000.00",Khidmat nasihat korporat,SUB-SUBSIDIARI,PELABURAN
2017,AKTIF,MARA,PMB Analytics Sdn. Bhd.,Kuala Lumpur,"Tingkat 20, 1 Sentral Jalan Rakyat, Kuala Lumpur Sentral 50470 Kuala Lumpur",03-2785 9889,31/03/2010,"50,000.00","50,000.00",Commission Agent ,SUB-SUBSIDIARI,PELABURAN
2017,AKTIF,MARA,Edubiz Development Sdn. Bhd.,Kuala Lumpur,"Tingkat 20, 1 Sentral Jalan Rakyat, Kuala Lumpur Sentral 50470 Kuala Lumpur",03-2785 9889,23/09/2014,"400,000.00","400,000.00",Pembangunan Asia Aerospace City,SUB-SUBSIDIARI,PELABURAN
2017,AKTIF-KPI,MARA,GMI Technical & Consultancy Services,Selangor,"Jalan Ilmiah, Taman Universiti 43000 Kajang Selangor",03-8921 9000/9181,31/05/2010,"500,000.00","10,002.00","Melaksanakan pelbagai aktiviti-aktiviti komersil dalam bidang-bidang berikut: khidmat nasihat, program TEVT dan pengurusan majlis",SUB-SUBSIDIARI,PERKHIDMATAN
2017,AKTIF-KPI,MARA,KPTM Corporation Sdn. Bhd.,Kuala Lumpur,"Jalan 6/91, Taman Shamelin Perkasa Cheras 56100 Kuala Lumpur",03-9281 9700/  928404639,17/07/2007,"5,000,000.00","1,329,800.00","Percetakan offset & digital, perdagangan, penyelesaian takaful am dan pelbagai perniagaan lain.",SUB-SUBSIDIARI,PERKHIDMATAN
2017,AKTIF-KPI,MARA,YPM Insurance Brokers Sdn. Bhd.,Kuala Lumpur,"Aras 18, Menara MARA 232, Jalan Tuanku Abdul Rahman 50100 Kuala Lumpur",03-2692 7273/6827,27/02/1974,"5,000,000.00","2,237,932.00",Menjalankan perniagaan broker insuran.,SUB-SUBSIDIARI,PERKHIDMATAN
2017,AKTIF-KPI,MARA,Glocal Link Travel & Tour Sdn. Bhd.,Kuala Lumpur,"Tingkat 39, Lot 1, Menara TH Perdana 1001, Jalan Sultan Ismail 50250 Kuala Lumpur",03-2606 3993,02/03/2002,"5,000,000.00","1,250,002.00",PERLANCONGAN,SUB-SUBSIDIARI,PELANCONGAN
2017,AKTIF-KPI,MARA,Perak College of Medicine Sdn. Bhd. (PCM),Kuala Lumpur,"Universiti Kuala Lumpur 1016, Jalan Sultan Ismail 50250 Kuala Lumpur",019-3889034,18/02/1999,"20,000,000.00","20,000,000.00",Kampus Cawangan UniKL,SUB-SUBSIDIARI,PENDIDIKAN
2017,AKTIF-KPI,MARA,UniKL Medical Services Sdn. Bhd.,Kuala Lumpur,"Universiti Kuala Lumpur 1016, Jalan Sultan Ismail 50250 Kuala Lumpur",03-2175 4000,15/04/2010,"5,000,000.00","5,000,000.00",Penyelenggaraan peralatan medical healtcare & laboratory,SUB-SUBSIDIARI,PERKHIDMATAN
2017,AKTIF-KPI,MARA,UniKL Resources Sdn. Bhd.,Kuala Lumpur,"Universiti Kuala Lumpur 1016, Jalan Sultan Ismail 50250 Kuala Lumpur",03-2175 4000,06/07/2001,"5,000,000.00","5,000,000.00",Khidmat nasihat ,SUB-SUBSIDIARI,PERKHIDMATAN
2017,AKTIF,MARA,Icmic UniKL Academy Sdn. Bhd.,Kuala Lumpur,"Universiti Kuala Lumpur 1016, Jalan Sultan Ismail 50250 Kuala Lumpur",03-2175 4000,02/03/2007,"100,000.00","100,000.00",PENDIDIKAN,SUB-SUBSIDIARI,PENDIDIKAN
2017,AKTIF-KPI,RISDA,RISDA HOLDINGS SDN. BHD.,Selangor,"Graha RISDA Estates, No. 31 Tingkat 7, Jalan Sulaiman 3, Taman Putra Sulaiman, 68000 Ampang, Selangor",03-4270 2369,05/04/2011,"100,000,000.00","25,000,000.00",Menyelaras Syarikat-syarikat Untuk Berkembang Maju dan Berdaya Saing,Subsidiari,Pelaburan
2017,AKTIF-KPI,RISDA,RISDA BINA SDN. BHD.,Selangor," No. 39-3 , Jalan Sulaiman 3, Taman Putra Sulaiman, 68000 Ampang, Selangor",03-4270 6611,26/08/1993,"5,000,000.00","2,020,000.00",Pem. Hartanah,Subsidiari,Hartanah
2017,AKTIF-KPI,RISDA,PERMODALAN RISDA BERHAD,Selangor," No. 5-5D , Wisma Ampang Triangle 1, Jalan Memanda 7/1, Off Jalan Ampang, 68000 Ampang, Selangor",03-4256 3777,15/11/1994,"25,000,000.00","8,400,000.00","Perkhidmatan Pemfaktoran, Pentadbir Dana dan Pemegang Pelaburan",Subsidiari,Pelaburan
2017,AKTIF-KPI,RISDA,KOLEJ RISDA SDN. BHD,Melaka,"Lot 2020, Ayer Pa' Abas, 78000 Alor Gajah, Melaka",06-5529 227,28/11/1994,"25,000,000.00","16,000,000.00","Institut Pengajian Tinggi Swasta, Training Provider kepada Pekebun Kecil",Subsidiari,Pendidikan
2017,AKTIF-KPI,RISDA,PROTAC INSURANCE BROKERS SDN. BHD.,Selangor,"No. 35 Jalan Memanda 7, Ampang Point, 68000 Ampang Selangor",03-4251 1635,23/11/1972,"1,000,000.00","1,000,000.00",Insurance Broker,Subsidiari,Perkhidmatan
2017,AKTIF-KPI,RISDA,RISDA CATERING AND EVENT SDN. BHD.,Kuala Lumpur,"Hevea 5, Tingkat 1, Ibu Pejabat RISDA, Jalan Ampang, 50990 Kuala Lumpur",03-4257 5468,20/03/2015,"1,000,000.00","600,000.00","Perkhidmatan Sajian (Catering), Event Management",Subsidiari,Perkhidmatan
2017,AKTIF-KPI,RISDA,RISDA FLEET SDN. BHD.,Kuala Lumpur,"No. 47, Jalan Kampung Pandan, 56100 Kuala Lumpur",03-9286 0100,18/09/1996,"10,000,000.00","3,000,000.00",Perkhidmatan Pengangkutan Khusus Benih dan Input Pertanian,Subsidiari,Perkhidmatan
2017,AKTIF-KPI,RISDA,RISDA SECURITY AND SERVICES  SDN. BHD.,Selangor,"No. B11, Jalan Ampang Utama 2/2, One Ampang Avenue, Off Jalan Ampang, 68000 Ampang, Selangor",03-4257 6123,22/04/1978,"10,000,000.00","10,000,000.00","Perniagaan Am, Perkhidmatan dan Penyelenggaraan serta Khidmat Kawalan Keselamatan",Subsidiari,Perkhidmatan
2017,AKTIF-KPI,RISDA,RISDA PLANTATION  SDN. BHD,Kuala Lumpur,"Graha RISDA Plantation, Unit J, Exella Business Park, Jalan Ampang Putra, Ampang Hilir, 55100 Kuala Lumpur",03-4270 5104,28/11/1994,"10,000,000.00","10,000,000.00",Mengurus dan Membangunkan Tanah-tanah Pekebun Kecil Disatukan Menjadi Ladang Komersial (TSK),Subsidiari,Perladangan
2017,AKTIF-KPI,RISDA,RISDA SEMAIAN DAN LANDSKAP SDN. BHD.,Selangor,"No. 8, Jalan Wawasan 2/12, Bandar Baru Ampang, 68000 Ampang, Selangor",03-4270 1911,31/07/1979,"15,000,000.00","14,500,000.00","Pembekalan Benih Getah dan Sawit, Pengurusan Ladang Biji Benih Milik RISDA, Pengurusan Senibina Landskap",Subsidiari,Perladangan
2017,AKTIF-KPI,RISDA,RISDA VENTURES SDN. BHD.,Selangor,"Lot E6-1, Jalan Selaman ⅟2, Dataran Palma, Jalan Ampang, 68000 Ampang, Selangor",03-4270 2737,13/11/1978,"10,000,000.00","7,000,000.00",Pembekalan Baja dan Input Pertanian kepada RISDA,Subsidiari,Perladangan
2017,AKTIF-KPI,RISDA,YAYASAN RISDA,Selangor,"Graha RISDA Estates, No. 31, Tingkat 4, Jalan Sulaiman 3, Taman Putra Sulaiman 68000 Ampang, Selangor",03-4070 3066,22/12/2015,,,"Insitusi Sosial yang Menyalurkan Sumbangan dan Bantuan Pelajaran, Bencana alam, Kemajuan keluarga, Sukan dan Biasiswa kepada masyarakat Pekebun Kecil.",Subsidiari,Corporate Social Responsibility (CSR)
2017,AKTIF-KPI,RISDA,RISDA ESTATES SDN. BHD,Selangor,"Graha RISDA Estates, No. 31,  Jalan Sulaiman 3, Taman Putra Sulaiman 68000 Ampang, Selangor",03-4270 4021,11/07/1981,"250,000,000.00","20,000,000.00",Pem. Dan Pengurusan Ladang RISDA Getah dan Sawit,Subsidiari,Perladangan
2017,AKTIF-KPI,RISDA,ESPEK LIVESTOCK SDN. BHD,Selangor,"No. 39-2, Tingkat 2,  Jalan Sulaiman 3, Taman Putra Sulaiman 68000 Ampang, Selangor",03-4270 4021,02/09/1996,"10,000,000.00","5,500,000.00","Ternak dan Jualan Lembu, Kambing dan Produk Berkaitan Ternakan",Sub-Subsidiari,Perladangan
2017,AKTIF-KPI,RISDA,ESPEK PLANTATION SDN. BHD.,Selangor,"Graha ESPEK 2, Tingkat 1, No. 37/1 & 39/1 Jalan Sulaiman 3, Taman Putra Sulaiman 68000 Ampang, Selangor",03-4270 5565,30/06/1998,"25,000,000.00","6,000,000.00",Pem. Dan Pengurusan Ladang Milik RISDA,Sub-Subsidiari,Perladangan
2017,AKTIF,RISDA,PRB GRID TECHNOLOGY SOLUTIONS SDN. BHD.,Selangor," No. 5-5D , Wisma Ampang Triangle 1, Jalan Memanda 7/1, Off Jalan Ampang, 68000 Ampang, Selangor",03-4256 3777,24/09/1996,"5,000,000.00","5,000,000.00",Agen Tunggal Data Centre dan Penjualan Server di Malaysia,Sub-Subsidiari,Perkhidmatan
2017,AKTIF-KPI,SPSB,SINERGI PERDANA SDN BHD,Selangor,"Lot 14, Lebuh Sultan Mohamed 1 Kawasan Perindustrian Bandar Sultan Suleiman 42000 Pelabuhan Klang, Selangor Darul Ehsan",03-3179 0476,03/06/2010,"500,000,000.00","31,959,000.00",PEMBINAAN KILANG BAJA/PERTANIAN,SUBSIDIARI,PERKILANGAN
2017,AKTIF-KPI,SPSB,SINERGI PERDANA MARKETING SDN BHD,Selangor,"A-6-1, Level 6, Block A Mines Waterfront Business Park No. 3, Jalan Tasik, Mines Resort City 43300 Seri Kembangan, Selangor",03-8942 7902,22/02/2007,"1,000,000.00","1,000,000.00",PEMBEKALAN BAJA,SUB-SUBSIDIARI,PERLADANGAN
2017,AKTIF,SPSB,SINERGI PERDANA MANUFACTURING SDN BHD,Selangor,"Lot 14, Lebuh Sultan Mohamed 1 Kawasan Perindustrian Bandar Sultan Suleiman 42000 Pelabuhan Klang, Selangor Darul Ehsan",03-3179 0476,30/01/2014,"400,000.00","100,000.00",PENGILANGAN BAJA,SUB-SUBSIDIARI,PERKILANGAN
2017,AKTIF,FELCRA,FELCRA Jaya Mukah Sdn. Bhd.                                                                                                                                                                                                                                                                                                                                                                                                                                                                                        (Syarikat Usahasama),Kuala Lumpur,"Ibu Pejabat FELCRA Berhad, Aras 6, Wisma FELCRA Lot  PT4780, Jalan Rejang, Setapak Jaya, 53300 KUALA LUMPUR",03-4145 5000,13/03/2012,"100,000.00","100,000.00",Kilang Sawit,BERSEKUTU,PERKILANGAN
2017,AKTIF,FELCRA,FELCRA Jaya Samarahan Sdn. Bhd. (Syarikat Usahasama),Kuala Lumpur,"Ibu Pejabat FELCRA Berhad, Aras 6, Wisma FELCRA Lot  PT4780, Jalan Rejang, Setapak Jaya, 53300 KUALA LUMPUR",03-4145 5000,13/03/2012,"25,000,000.00","20,000,000.00",Memproses minyak kelapa sawit,BERSEKUTU,PERKILANGAN
2017,AKTIF,FELCRA,FELCRA Jaya Harvest Sdn. Bhd. (Syarikat Usahasama),Kuala Lumpur,"Ibu Pejabat FELCRA Berhad, Aras 6, Wisma FELCRA Lot  PT4780, Jalan Rejang, Setapak Jaya, 53300 KUALA LUMPUR",03-4145 5000,29/03/2013,"100,000.00",2.00,Usahasama kilang sawit,BERSEKUTU,PERKILANGAN
2017,AKTIF,FELCRA,FELCRA Jayaputra Sdn. Bhd. (Syarikat Usahasama),Kuala Lumpur,"Ibu Pejabat FELCRA Berhad, Aras 6, Wisma FELCRA Lot  PT4780, Jalan Rejang, Setapak Jaya, 53300 KUALA LUMPUR",03-4145 5000,12/06/2013,"50,000,000.00","35,000,000.00",Perladangan dan perkilangan kelapa sawit,BERSEKUTU,PERKILANGAN
2017,AKTIF,FELCRA,FELCRA Jaya Marang Sdn. Bhd. (Syarikat Usahasama),Kuala Lumpur,"Ibu Pejabat FELCRA Berhad, Aras 6, Wisma FELCRA Lot  PT4780, Jalan Rejang, Setapak Jaya, 53300 KUALA LUMPUR",03-4145 5000,27/02/2014,"400,000.00",2.00,Memproses minyak sawit mentah,BERSEKUTU,PERKILANGAN
2017,AKTIF,FELCRA,FELCRA Jaya Telupid Sdn. Bhd. (Syarikat Usahasama),Kuala Lumpur,"Ibu Pejabat FELCRA Berhad, Aras 6, Wisma FELCRA Lot  PT4780, Jalan Rejang, Setapak Jaya, 53300 KUALA LUMPUR",03-4145 5000,12/05/2014,"10,000,000.00","10,000.00","Pembuatan minyak sawit mentah dan isirong sawit, menanam kelapa sawit dan mengimport mesin",BERSEKUTU,PERKILANGAN
2017,AKTIF,FELCRA,FELCRA Venture Sri Aman Sdn. Bhd.                                                      (Syarikat Usahasama),Kuala Lumpur,"Ibu Pejabat FELCRA Berhad, Aras 6, Wisma FELCRA Lot  PT4780, Jalan Rejang, Setapak Jaya, 53300 KUALA LUMPUR",03-4145 5000,25/09/2014,"25,000,000.00","10,000,000.00",Pembuatan minyak sawit bertapis,BERSEKUTU,PERKILANGAN
2017,AKTIF,FELCRA,FELCRA Legacy Sdn. Bhd. (Syarikat Usahasama),Kuala Lumpur,"Ibu Pejabat FELCRA Berhad, Aras 6, Wisma FELCRA Lot  PT4780, Jalan Rejang, Setapak Jaya, 53300 KUALA LUMPUR",03-4145 5000,08/10/2014,"24,000,000.00","4,000,000.00",Kilang pembuatan minyak sawit bertapis,BERSEKUTU,PERKILANGAN
2017,AKTIF,FELCRA,FELCRA Beras Industri Sdn. Bhd. (Syarikat Usahasama),Kuala Lumpur,"Ibu Pejabat FELCRA Berhad, Aras 6, Wisma FELCRA Lot  PT4780, Jalan Rejang, Setapak Jaya, 53300 KUALA LUMPUR",03-4145 5000,08/01/1999,"500,000.00","392,442.00",Kilang beras,BERSEKUTU,PERKILANGAN
2017,AKTIF,KETENGAH,KETENGAH JAYA SDN.BHD (KJSB),Terengganu,"BANGUNAN KETENGAH HOLDING SDN BHD, LOT 70029, JALAN SULTAN ZAINAL ABIDIN 3, BANDAR ALMUKTAFI BILLAH SHAH, 23409 DUNGUN TERENGGANU",09-8223800,18/01/1978,"5,000,000.00","5,000,001.00",PERLADANGAN KELAPA SAWIT,BERSEKUTU,PERLADANGAN
2017,AKTIF,KETENGAH,KILANG SAWIT PANJI ALAM SDN.BHD,Terengganu,"BANGUNAN KETENGAH HOLDING SDN BHD, LOT 70029, JALAN SULTAN ZAINAL ABIDIN 3, BANDAR ALMUKTAFI BILLAH SHAH, 23409 DUNGUN TERENGGANU",09-8223800,12/06/1980,"10,000,000.00","10,000,000.00",KILANG MEMPROSES BUAH SAWIT,BERSEKUTU,PERKILANGAN
2017,AKTIF,KETENGAH,LADANG TERNAK TANI SDN BHD,Terengganu,"BANGUNAN KETENGAH HOLDING SDN BHD, LOT 70029, JALAN SULTAN ZAINAL ABIDIN 3, BANDAR ALMUKTAFI BILLAH SHAH, 23409 DUNGUN TERENGGANU",09-8223800,31-Mei-85,"5,000,000.00","1,100,000.00",PERLADANGAN KELAPA SAWIT,BERSEKUTU,PERLADANGAN
2017,AKTIF,KETENGAH,LADANG RAKYAT TRENGGANU SDN.BHD,Terengganu,"LADANG RAKYAT TRENGGANU SDN BHD, KOMPLEKS PERLADANGAN CENEH, KM1, JALAN CHERUL, BANDAR CENEH BARU, 24000 KEMAMAN TERENGGANU",09-8730399,02/08/1977,"35,000,000.00","24,579,340.00",PERLADANGAN KELAPA SAWIT,BERSEKUTU,PERLADANGAN
2017,AKTIF,KETENGAH,KILANG SAWIT RAKYAT KETENGAH PERWIRA SDN.BHD,Terengganu,"KAWASAN PERINDUSTRIAN CHERUL, 24000 CHERUL, 2400 CHENEH, TERENGGANU",09-8730112,17/04/1979,"7,000,000.00","7,000,000.00",KILANG MEMPROSES BUAH SAWIT,BERSEKUTU,PERKILANGAN
2017,AKTIF,MARA,Med Bumikar Sdn. Bhd.,,,,12/02/1969,"100,000,000.00","70,000,000.00",syarikat pelaburan induk dan pengedaran kenderaan bermotor,BERSEKUTU,PERKHIDMATAN
2017,AKTIF,MARA,Strand Aerospace (M) Sdn. Bhd.,,,,01/06/2006,"1,000,000.00","1,000,000.00","Penyediaan perkhidmatan structural Design and Stress Analysis kepada industri Aeroangkasa, Pertahanan dan Maritim ",BERSEKUTU,PENDIDIKAN
2017,DORMAN,FELCRA,FELCRA (Cambodia) Pte. Ltd.,Kuala Lumpur,"Aras 1, Wisma FELCRA Lot  PT4780, Jalan Rejang, Setapak Jaya, 53300 KUALA LUMPUR",03-4145 5000,28/11/2011,"3,900,000.00","3,900,000.00",Perladangan di Kemboja & Trading,SUBSIDIARI,PERLADANGAN
2017,DORMAN,FELCRA,FELCRA Grain Industry Sdn. Bhd. (Syarikat Usahasama),Kuala Lumpur,"WISMA FELCRA, ARAS 6, LOT PT4780, JALAN REJANG, 53300 SETAPAK JAYA, KUALA LUMPUR",03-4145 5000,28/10/2014,"25,000,000.00","10,000,000.00",Aktiviti pertanian,SUBSIDIARI,PERLADANGAN
2017,DORMAN,FELCRA,FELCRA International Venture Private Ltd.,Sabah,"Level 5(I) Main Office Tower, Financia Park Complex, Jalan Merdeka 87000 F.T.Labuan Malaysia",018-2222377,27/05/2014,"3,900,000.00",7.80,Syarikat Luar Persisiran,SUBSIDIARI,PELABURAN
2017,DORMAN,FELCRA,FELCRA Banggi Development Sdn. Bhd. (Syarikat Usahasama),Kuala Lumpur,"WISMA FELCRA, ARAS 6, LOT PT4780, JALAN REJANG, 53300 SETAPAK JAYA, KUALA LUMPUR",03-4145 5000,05/10/2015,"10,000,000.00",2.00,Projek pembangunan dan sewaan bangunan,SUBSIDIARI,HARTANAH
2017,DORMAN,FELCRA,FELCRA BK Refining Sdn. Bhd. (Syarikat Usahasama),Kuala Lumpur,"WISMA FELCRA, ARAS 6, LOT PT4780, JALAN REJANG, 53300 SETAPAK JAYA, KUALA LUMPUR",03-4145 5000,15/09/2014,"20,000,000.00","500,000.00",Kilang pembuatan minyak sawit bertapis,SUBSIDIARI,PERKILANGAN
2017,AKTIF-KPI,KETENGAH,KPSB-NUTRIBIO SDN. BHD.,Terengganu,"BANGUNAN KETENGAH HOLDING SDN BHD, LOT 70029, JALAN SULTAN ZAINAL ABIDIN 3, BANDAR ALMUKTAFI BILLAH SHAH, 23409 DUNGUN TERENGGANU",09-8223800,12/01/2009,"100,000.00","100,000.00",PEMBEKALAN BAJA,SUB-SUBSIDIARI,PEMBEKALAN BAJA
2017,DORMAN,MARA,British Malaysia Institute (BMI),,,,12/07/1993,"500,000.00","200,000.00",,SUBSIDIARI,PENDIDIKAN
2017,DORMAN,MARA,Malaysia France Institute Sdn Bhd (MFI),,,,22/02/1995,"100,000.00",2.00,,SUBSIDIARI,PENDIDIKAN
2017,DORMAN,MARA, Institut Infotech MARA Sdn. Bhd. (IIM),,,,19/02/1980,"500,000.00","200,002.00",,SUBSIDIARI,PENDIDIKAN
2017,DORMAN,MARA,Kayu Sedia Sdn . Bhd. (KSSB),,,,26/08/1968,"15,000,000.00","10,730,000.00",,SUBSIDIARI,PERKHIDMATAN
2017,AKTIF-KPI,MARA,PMB Nominees Tempatan Sdn. Bhd.,,,,19/02/1979,"100,000.00","10,000.00",Syarikat nomini untuk pengurusan unit amanah dibawah PMB Investment Berhad,SUB-SUBSIDIARI,PELABURAN
2017,DORMAN,RISDA,RISDA WOOD SDN. BHD.,Selangor,"Graha RISDA Estates, No. 31 Tingkat 7, Jalan Sulaiman 3, Taman Putra Sulaiman, 68000 Ampang, Selangor",03-4270 2369,02/09/1996,"10,000,000.00","7,000,000.00",Perniagaan berkaitan Kayu Getah,Subsidiari,Perkhidmatan
2017,DORMAN,RISDA,RISCAM PLANTATIONS CO. LTD.,Selangor,"Graha RISDA Estates, No. 31 Tingkat 7, Jalan Sulaiman 3, Taman Putra Sulaiman, 68000 Ampang, Selangor",03-4270 2369,01/12/2012,,"150,000.00",Pemb. Ladang di Cambodia,Subsidiari,Perladangan
2017,DORMAN,RISDA,MAS & CAM 1 PLANTATIOND CO. LTD.,Selangor,"Graha RISDA Estates, No. 31 Tingkat 7, Jalan Sulaiman 3, Taman Putra Sulaiman, 68000 Ampang, Selangor",03-4270 2369,01/12/2012,,"150,000.00",Pemb. Ladang di Cambodia,Subsidiari,Perladangan


"Sumber : Bahagian Pelaburan dan Kawal Selia Anak Syarikat, KPLB",,,,,,,,,,,,
