,,,,,
SENARAI BALAI BOMBA DAN PENYELAMAT DI SELURUH MALAYSIA,,,,,
,,,,,
Bil ,Negeri,Zon,Balai,Alamat ,Perhubungan 
,,,,,
1 ,WP Putrajaya ,- ,BBP Putrajaya ,"Balai Bomba Dan Penyelamat Putrajaya, Lebuh Wawasan, Presint 7, 62250 Putrajaya ,WP Putrajaya ",Tel:03-88880970 / 0971
,,,,,Fax:03-88880019
,,,,,Email: oc-putra.bomba@1govuc.gov.my 
2 ,Johor ,Zon Johor Bharu ,BBP Johor Bahru ,"Jalan Tun Abdul Razak 80648 Johor Bahru , Johor ",Tel:07-2243444
,,,,,Fax:07-2244344
,,,,,Email: bbp-jhrbahru.bomba@1govuc.gov.my 
3 ,Johor ,Zon Johor Bharu ,BBP Johor Jaya ,"Jalan Ros Merah 4/1, Johor Jaya, 81100 Johor Bahru, Johor ",Tel:07-3511444
,,,,,Fax:07-3515344
,,,,,Email: bbp-jhrjaya.bomba@1govuc.gov.my 
4 ,Johor ,Zon Johor Bharu ,BBP Pasir Gudang ,"Jalan Mesjid Pasir Gudang 81700, Johor",Tel:07-2513444 / 2513944
,,,,,Fax:07-2532985
,,,,,Email: bbp-psrgudang.bomba@1govuc.gov.my 
5 ,Johor ,Zon Johor Bharu ,BBP Kulai ,"Jalan Pejabat Kerajaan Kulaijaya 81000, Johor ",Tel:07-6634444
,,,,,Fax:07-6621121
,,,,,Email: bbp-kulai.bomba@1govuc.gov.my
6 ,Johor ,Zon Johor Bharu ,BBP Pontian ,"Jalan Alsagoff Pontian 82000, Johor ","Tel:076864444,076874444"
,,,,,Fax:07-6879877
,,,,,Email: bbp-pontian.bomba@1govuc.gov.my 
7 ,Johor ,Zon Johor Bharu ,BBP Pekan Nenas ,"Jalan Pontian Pekan Nanas 81648, Johor ",Tel:07-6994444
,,,,,Fax:07-6993345
,,,,,Email: bbp-pekannenas.bomba@1/govuc.gov.my 
8 ,Johor ,Zon Johor Bharu ,BBP Pontian Baru ,"Jalan Sekolah Arab Pontian 82000, Johor ","Tel:076864044, 076866044"
,,,,,Fax:076869044
,,,,,Email: bbp_pontianbaru.bomba@1govuc.gov.my 
9 ,Johor ,Zon Johor Bharu ,BBP Pulai ,"Jalan Kebudayaan 22, Taman Universiti, Skudai, 81300, Johor ",Tel:07-5204144
,,,,,Fax:07-5205944
,,,,,Email: bbp-pulai.bomba@1govuc.gov.my 
10 ,Johor ,Zon Johor Bharu ,BBP Kulai Jaya ,"Jalan Putra 1, Kulai Jaya 81000, Johor",Tel:07 - 590 8711
,,,,,Fax:07 - 590 8235
,,,,,Email: bbp-putrakulai.bomba@1govuc.gov.my 
11 ,Johor ,Zon Johor Bharu ,BBP Tebrau ,"Jalan Kangkar Tebrau, Johor Bahru 81100, Johor",Tel:07-3317524
,,,,,Fax:07-3317522
,,,,,Email: bbp-tebrau.bomba@1govuc.gov.my 
12 ,Johor ,Zon Muar ,BBP Muar ,"Jalan Salleh, Muar, 84000, Johor ",Tel:06-9555994
,,,,,Fax:06-9522994
,,,,,Email: bbp_muar.bomba@1govuc.gov.my 
13 ,Johor ,Zon Muar ,BBP Bandar Putra ,"Jalan Putra 1/17, Bandar Putra, Segamat 85020, Johor ",Tel:07-9435844
,,,,,Fax:07-9435244
,,,,,Email: bbp-segamat.bomba@1govuc.gov.my 
14 ,Johor ,Zon Muar ,BBP Jalan Abdullah ,"Jalan Abdullah, Segamat 85648, Johor ",Tel:07-9314444
,,,,,Fax:079313203
,,,,,Email: bbp-jlnabd.bomba@1govuc.gov.my 
15 ,Johor ,Zon Muar ,BBP Tangkak ,"Jalan Ah Jin, Tangkak 84900, Johor ",Tel:06-9783444
,,,,,Fax:06-9788464
,,,,,Email: bbp-tangkak.bomba@1govuc.gov.my 
16 ,Johor ,Zon Muar ,BBP Labis ,"Jalan Muar, Labis 85300, Johor ",Tel:07-9254444
,,,,,Fax:07-9255433
,,,,,Email: bbp-labis.bomba@1govuc.gov.my
17 ,Johor ,Zon Muar ,BBP Bukit Gambir ,"Jalan Gersik Bukit Gambir, Ledang, 84700, Johor ",Tel:06-9762444
,,,,,Fax: 06-9763144
,,,,,Email: bbp-bktgambir.bomba@1govuc.gov.my 
18 ,Johor ,Zon Kluang ,BBP Kluang ,"Jalan Haji Manan, Kluang 86000, Johor ",Tel:07-7724444/7724450
,,,,,Fax:07-7717244
,,,,,Email: bbp-kluang.bomba@1govuc.gov.my 
19 ,Johor ,Zon Kluang ,BBP Batu Pahat (Timah Sari) ,"Jalan Timah Sari Batu Pahat 83000, Johor ",Tel:07-4342444
,,,,,Fax:07-4331158
,,,,,Email: bbp-timahsari.bomba@1govuc.gov.my 
20 ,Johor ,Zon Kluang ,BBP Jln Mohd Khalid ,"Jalan Mohd Khalid, Batu Pahat 83000, Johor ",Tel:07-4338444
,,,,,Fax:07-4348675
,,,,,Email: bbp-jlnkhalid.bomba@1govuc.gov.my 
21 ,Johor ,Zon Kluang ,BBP Yong Peng ,"Jalan Templer, Yong Peng, 83700, Johor ",Tel:07-4674444
,,,,,Fax:07-4676844
,,,,,Email: bbpyong peng@bomba.gov.my 
22 ,Johor ,Zon Kluang ,BBP Rengit ,"Jalan Besar, Rengit, 83100, Johor ",Tel:07-4243444
,,,,,Fax:07-4244925
,,,,,Email: bbp-rengit.bomba@1govuc.gov.my 
23 ,Johor ,Zon Kluang ,BBP Renggam ,"Jalan Bukit, Renggam 86300, Johor ",Tel:07-7535444
,,,,,Fax:07-7536636
,,,,,Email: bbp-renggam.bomba@1govuc.gov.my 
24 ,Johor ,Zon Kluang ,BBP Ayer Hitam ,"Jalan Kluang-Batu Pahat, Ayer Hitam 86100, Johor ",Tel:077582206
,,,,,Fax:077581518
,,,,,Email: bbp-airhitam.bomba@1govuc.gov.my 
25 ,Johor ,Zon Kota Tinggi ,BBP Kota Tinggi ,"Jalan Tun Habab Kota Tinggi 81900, Johor ",Tel:07-8831444
,,,,,Fax:07-8821644
,,,,,Email: bbp_kotatinggi@bomba.gov.my 
26 ,Johor ,Zon Kota Tinggi ,BBP Penawar ,"Jalan Dato' Wan Idris, Bandar Penawar 81930, Johor ",Tel:07-8224444
,,,,,Fax:07-8224055
,,,,,Email: bbp-penawar.bomba@1govuc.gov.my 
27 ,Johor ,Zon Kota Tinggi ,BBP Mersing ,"Jalan Temenggong, Mersing 86800, Johor ",Tel:07-7994444
,,,,,Fax:07-7994944
,,,,,Email: bbp-mersing.bomba@1govuc.gov.my 
28 ,Johor ,Zon Kota Tinggi ,BBP Endau ,"Jalan Masjid Endau 86900, Johor ",Tel:07-7945444
,,,,,Fax:07-7942946
,,,,,Email: bbp-endau.bomba@1govuc.gov.my 
29 ,Melaka ,Zon Melaka Tengah ,BBP Jalan Kubu ,"Jalan Kubu 75200, Melaka",Tel:06-2838481 / 8482
,,,,,Fax:06-2849677/06-2838490
,,,,,Email: bbp-jkb.bomba@1govuc.gov.my 
30 ,Melaka ,Zon Melaka Tengah ,BBP Ayer Keroh ,"Jalan Ayer Keroh Lama, Bukit Beruang 75450, Melaka ",Tel:06-2319134 / 2319135
,,,,,Fax:06-2322406
,,,,,Email: bombamel@bomba.gov.my 
31 ,Melaka ,Zon Melaka Tengah ,BBP Bukit Katil ,"Jalan Tun Hamzah 75450, Melaka ",Tel:06-2311315
,,,,,Fax:06-2311343
,,,,,Email: kwl-bkl@bomba.gov.my
32 ,Melaka ,Zon Melaka Tengah ,BBP Jasin ,"Jalan Jasin, 77000 Melaka",Tel:06-5291444
,,,,,Fax:06-5293463
,,,,,Email:  kwl-jsn@bomba.gov.my
33 ,Melaka ,Zon Melaka Tengah ,BBP Merlimau ,"Jalan Batu Gajah, Merlimau 77300, Melaka",Tel:06-2631444
,,,,,Fax:06-2633942
,,,,,Email:  kwl-mlu@bomba.gov.my
34 ,Melaka ,Zon Melaka Tengah ,BBP Tangga Batu ,"Jalan Bukit Rambai, 75250, Melaka",Tel:06-3517994 / 7916
,,,,,Fax:06-3516994
,,,,,Email:  kwl-tgb@bomba.gov.my
35 ,Melaka ,Zon Melaka Tengah ,BBP Jasin Bestari ,"Jalan Taman Maju, Jasin 77000, Melaka ",Tel:06-5293736
,,,,,Fax:06-5292407
,,,,,Email: kwl-jsb@bomba.gov.my
36 ,Melaka ,Zon Alor Gajah ,BBP Alor Gajah ,"Jalan Kelemak, Alor Gajah 78000, Melaka",Tel:06-5562444
,,,,,Fax:06-5566500
,,,,,Email: kwl-alg@bomba.gov.my
37 ,Melaka ,Zon Alor Gajah ,BBP Masjid Tanah ,"Bt 17, Jalan Solok Duku, Masjid Tanah 78300, Melaka  ",Tel:06-3842444
,,,,,Fax:06-3851807
,,,,,Email: kwl-mst@bomba.gov.my
38 ,Negeri Sembilan ,Zon Seremban ,BBP Seremban ,"Jln. Zaaba, Seremban 70100, Negeri Sembilan ",Tel:06-7677089 / 7624444
,,,,,Fax:06-7674444
,,,,,Email: bbp_seremban@bomba.gov.my
39 ,Negeri Sembilan ,Zon Seremban ,BBP Seremban 2 ,"70300 Seremban, Negeri Sembilan ",Tel:06-6013393
,,,,,Fax:06-6013464
,,,,,Email: bbp_seremban2@bomba.gov.my
40 ,Negeri Sembilan ,Zon Seremban ,BBP Senawang ,"71450 Senawang, Negeri Sembilan ",Tel:06-6779202
,,,,,Fax:06-6784444
,,,,,Email: bbp_senawang@bomba.gov.my
41 ,Negeri Sembilan ,Zon Seremban ,BBP Mantin ,"Bt. 11, Jln. Besar SBN - KL, Mantin 71700, Negeri Sembilan ",Tel:06-7583198
,,,,,Fax:06-7586582
,,,,,Email: bbp_mantin@bomba.gov.my
42 ,Negeri Sembilan ,Zon Seremban ,BBP Nilai ,"Bandar Baru Nilai 71800, Negeri Sembilan ",Tel:06-7940051
,,,,,Fax:06-7940053
,,,,,Email: bbp_nilai@bomba.gov.my
43 ,Negeri Sembilan ,Zon Port Dickson ,BBP Port Dickson ,"Lot 1670, Port Dickson 71000, Negeri Sembilan ",Tel:06-6471444
,,,,,Fax:06-6463457
,,,,,Email: bbp_portdickson@bomba.gov.my
44 ,Negeri Sembilan ,Zon Port Dickson ,BBP Teluk Kemang ,"Bt. 8, Jln. Pantai, Port Dickson 71050, Negeri Sembilan ",Tel:06-6621171
,,,,,Fax:06-6627701
,,,,,Email: bbp_telukkemang@bomba.gov.my
45 ,Negeri Sembilan ,Zon Port Dickson ,BBP Rembau ,"Rembau 71300, Negeri Sembilan ",Tel:06-6851233
,,,,,Fax:06-6858609
,,,,,Email: bbp-rembau@bomba.gov.my 
46 ,Negeri Sembilan ,Zon Port Dickson ,BBP Tampin ,"Tampin 73000, Negeri Sembilan ",Tel:06-4411333
,,,,,Fax:06-4418799
,,,,,Email: bbp_tampin@bomba.gov.my
47 ,Negeri Sembilan ,Zon Port Dickson ,BBP Gemas ,"Tmn Desa Permai, Gemas, 73400, Negeri Sembilan ",Tel:07-9481333
,,,,,Fax:07-9485284
,,,,,Email: bbp_gemas@bomba.gov.my
48 ,Negeri Sembilan ,Zon Jempol ,BBP Jempol ,"Bandar Seri Jempol 72120, Negeri Sembilan ",Tel:06-4581484
,,,,,Fax:06-4582424
,,,,,Email: bbp_serijempol@bomba.gov.my
49 ,Negeri Sembilan ,Zon Jempol ,BBP Bahau ,"Bahau 72100, Negeri Sembilan ",Tel:06 4541333
,,,,,Fax:06 4542061
,,,,,Email: bbp-bahau.bomba@1govuc.gov.my 
50 ,Negeri Sembilan ,Zon Jempol ,BBP Kuala Pilah ,"Bt. 1, Jln. Bahau, Kuala Pilah 72000, Negeri Sembilan ",Tel:06-4811333
,,,,,Fax:06-4811055
,,,,,Email: bbp_kualapilah@bomba.gov.my
51 ,Negeri Sembilan ,Zon Jempol ,BBP Jelebu ,"Kuala Kelawang, 71600, Negeri Sembilan ",Tel:06-6136333
,,,,,Fax:06-6138692
,,,,,Email: bbp_jelebu@bomba.gov.my
52 ,Negeri Sembilan ,Zon Jempol ,BBP Simpang Pertang ,"Jelebu 72300, Negeri Sembilan ",Tel:06-4920060 / 4920068
,,,,,Fax:06-4920070
,,,,,Email: bbp-spgpertang.bomba@1govuc.gov.my 
53 ,Selangor ,Zon Shah Alam ,BBP Shah Alam ,"Persiaran Sultan, Seksyen 15, Shah Alam 40200, Selangor ",Tel:03-55194444
,,,,,Fax:03-55134716/02324
,,,,,Email: bbp-shahalam.bomba@1govuc.gov.my 
54 ,Selangor ,Zon Shah Alam ,BBP Bukit Jelutong ,"Persiaran Tebar Layar, Seksyen U8, Bukit Jelutong, Shah Alam 40150, Selangor ",Tel:03-78464211
,,,,,Fax:03-78472446
,,,,,Email: mfarid-hussin.bomba@1govuc.gov.my 
55 ,Selangor ,Zon Shah Alam ,BBP Sungai Buloh ,"Jalan 3/2, Bandar Baru, Sungai Buloh 47000, Selangor ",Tel:03-61575055 / 57
,,,,,Fax:03-61577871
,,,,,Email: sabri-deen.bomba@1govuc.gov.my 
56 ,Selangor ,Zon Petaling ,BBP Jalan Penchala ,"No. 81, Jalan Penchala, Petaling Jaya 46050, Selangor ",Tel:03-77821994
,,,,,Fax: 03-77831994
,,,,,Email: bbp-penchala.bomba@1govuc.gov.my 
57 ,Selangor ,Zon Petaling ,BBP Subang Jaya ,"Lot 7345, Jalan SS 17/2, Subang Jaya 47500, Selangor ",Tel:03-56349444/8444
,,,,,Fax:03-56314077
,,,,,Email: bbp-subang.bomba@1govuc.gov.my 
58 ,Selangor ,Zon Petaling ,BBP Serdang ,"Jalan Raya Satu, Seri Kembangan, 43300 Selangor ",Tel:03-89416281/7636
,,,,,Fax:03-89416436
,,,,,Email: bbp-serikmbgn.bomba@1govuc.gov.my 
59 ,Selangor ,Zon Petaling ,BBP Damansara ,"Jalan SS 2/2, Petaling Jaya 47300, Selangor ",Tel:03-77294444
,,,,,Fax:03-77292341
,,,,,Email: bbp_damansara@bomba.gov.my 
60 ,Selangor ,Zon Petaling ,BBP Seksyen 7 Petaling Jaya ,"Jalan Yong Shook Lin, Petaling Jaya 46675 Selangor ",Tel:03-79854444/5857
,,,,,Fax:03-79542513
,,,,,Email: bbp-pj.bomba@1govuc.gov.my 
61 ,Selangor ,Zon Petaling ,BBP Puchong ,"Jalan Wawasan, Pusat Bandar Puchong, Puchong 47100, Selangor ",Tel:03-80707879/60/34
,,,,,Fax:03-80707849
,,,,,Email: bbp-puchong.bomba@1govuc.gov.my 
62 ,Selangor ,Zon Hulu Langat ,BBP Pandan Indah ,"Jalan Pandan Utama, Pandan Indah 55100, Selangor ",Tel:03-92746253/92746250
,,,,,Fax:03-92746316
,,,,,Email: bbp-pandan.bomba@1govuc.gov.my 
63 ,Selangor ,Zon Hulu Langat ,BBP Ampang ,"Jalan Merdeka, Ampang 68000, Selangor ",Tel:03-42924444
,,,,,Fax:03-42961312
,,,,,Email: bbp-ampang.bomba@1govuc.gov.my 
64 ,Selangor ,Zon Hulu Langat ,BBP Bangi ,"Jalan Kemajuan, Seksyen 16, Bandar Baru Bangi 43650, Selangor ",Tel:03-89254444
,,,,,Fax:03-89262344
,,,,,Email: bbp-bangi.bomba@1govuc.gov.my 
65 ,Selangor ,Zon Hulu Langat ,BBP Kajang ,"Jalan Bukit Mewah, Kajang 43000, Selangor ",Tel:03-87364444
,,,,,Fax:03-87361344
,,,,,Email: bbp_kajang@bomba.gov.my 
66 ,Selangor ,Zon Hulu Langat ,BBP Semenyih ,"Jalan TPS 1/7, Taman Pelangi, Semenyih 43500, Selangor ",Tel:03-60783959
,,,,,Fax:tiada
,,,,,Email: bbp_semenyih@bomba.gov.my 
67 ,Selangor ,Zon Klang ,BBP Pelabuhan Klang ,"Persiaran Raja Muda Musa, Pelabuhan Klang 42000, Selangor ",Tel:03-31684444/9764
,,,,,Fax:03-31655934
,,,,,Email: bbp-pelklang.bomba@1govuc.gov.my 
68 ,Selangor ,Zon Klang ,BBP Kota Raja ,"Jalan Gedung Raja Abdullah,Klang 41000, Selangor ",Tel:03-33714444/32160
,,,,,Fax:03-33731854
,,,,,Email: bbp-kotaraja.bomba@1govuc.gov.my 
69 ,Selangor ,Zon Klang ,BBP Andalas ,"Jalan Tun Dr. Ismail, Taman Seri Andalas, Klang 41200, Selangor ",Tel:03-33734444
,,,,,Fax:03-33738013
,,,,,Email: bbp-andalas@bomba.gov.my 
70 ,Selangor ,Zon Klang ,BBP Sungai Pinang ,"Batu 1 1/2, Jalan Kapar, Klang 41400, Selangor ",Tel:03-33424444
,,,,,Fax:03-33731854
,,,,,Email: bbp-sgpinang.bomba@1govuc.gov.my 
71 ,Selangor ,Zon KLIA ,BBP KLIA ,"B20, K.L. International Airport, Sepang 64000, Selangor ",Tel:03-87874970/4975
,,,,,Fax:03-87874986
,,,,,Email: bbp-klia.bomba@1govuc.gov.my 
72 ,Selangor ,Zon KLIA ,BBP Cyberjaya ,"Persiaran APEC, Cyberjaya 63000, Selangor ",Tel:03-83184944
,,,,,Fax:03-83184944 / 03-83196997
,,,,,Email: izman-adnan.bomba@1govuc.gov.my 
73 ,Selangor ,Zon KLIA ,BBP Banting ,"Jalan Sultan Abdul Samad, Banting 42700, Selangor ",Tel:03-31871444
,,,,,Fax:03-31815055
,,,,,Email: bbp_banting@bomba.gov.my 
74 ,Selangor ,Zon KLIA ,BBP Sepang ,"Sepang 43900, Selangor ",Tel:03-31421333
,,,,,Fax:03-31421515
,,,,,Email: bbp_sepang@bomba.gov.my
75 ,Selangor ,Zon Sabak Bernam ,BBP Sabak Bernam ,"Jalan Raja Chulan, Sabak Bernam 45200, Selangor ",Tel:03-32161444
,,,,,Fax:03-32164588
,,,,,Email: bbp-sabak.bomba@1govuc.gov.my 
76 ,Selangor ,Zon Sabak Bernam ,BBP Sungai Besar ,"Jalan Sungai Limau, Sungai Besar, 45300 Selangor ",Tel:03-32246434/912
,,,,,Fax:03-32244816
,,,,,Email: bbp-sgbesar.bomba@1govuc.gov.my 
77 ,Selangor ,Zon Sabak Bernam ,BBP Sekinchan ,"Jalan Bernam, Sekinchan 45400, Selangor ",Tel:03-32418075
,,,,,Fax:03-32417039
,,,,,Email: bbp-sekinchan.bomba@1govuc.gov.my 
78 ,Selangor ,Zon Sabak Bernam ,BBP Tanjung Karang ,"Jalan Bomba, Tanjung Karang 45500, Selangor ",Tel:03-32698444 / 4424
,,,,,Fax:03-32693448
,,,,,Email: bbp-tjgkarang.bomba@1govuc.gov.my 
79 ,Selangor ,Zon Sabak Bernam ,BBP Kuala Selangor ,"Jalan Keramat Tanjung, Kuala Selangor 45000, Selangor ",Tel:03-32891444 / 7682
,,,,,Fax:03-32897751
,,,,,Email: bbp-kualasgor.bomba@1govuc.gov.my 
80 ,Selangor ,Zon Sabak Bernam ,BBP Bestari Jaya ,"Bestari Jaya 45600, Selangor ",Tel:03-32719444
,,,,,Fax:03-32717395
,,,,,Email: bbp-bestari.bomba@1govuc.gov.my 
81 ,Selangor ,Zon Rawang ,BBP Selayang ,"Jalan Persiaran 1, Bandar Baru Selayang 68100, Selangor ",Tel:03-61365944/7944
,,,,,Fax:03-61387145
,,,,,Email: azrul-khairi.bomba@1govuc.gov.my 
82 ,Selangor ,Zon Rawang ,BBP Rawang ,"Lot PT4248, Jalan Lingkaran, Kawasan Perindustrian Rawang Integrasi, Rawang 48000, Selangor ",Tel:03-60924444/16429
,,,,,Fax:03-60916434
,,,,,Email: bbp-rawang.bomba@1govuc.gov.my 
83 ,Selangor ,Zon Rawang ,BBP Kuala Kubu Bahru ,"Lot 718, Jalan Ampang Pecah, Kuala Kubu Bharu 44000, Selangor ",Tel:03-60641444 / 4597
,,,,,Fax:0360642661
,,,,,Email: bbp-kkb.bomba@1govuc.gov.my 
84 ,Selangor ,Zon Rawang ,BBP Batu Arang ,"Batu Arang 48100, Selangor ",Tel:03-60352444
,,,,,Fax:03-60353040
,,,,,Email: bbp-arang.bomba@1govuc.gov.my 
85 ,WP Kuala Lumpur ,- ,BBP Jalan Hang Tuah ,"Jalan Hang Tuah 55200, WP Kuala Lumpur ",Tel:03-92217222
,,,,,Fax:03-92226979
,,,,,Email: bbp_pusat@bomba.gov.my 
86 ,WP Kuala Lumpur ,- ,BBP Seputih ,"Jalan Taman Desa 58100, WP Kuala Lumpur ",Tel:03-79848753
,,,,,Fax:03-79848753
,,,,,Email: bbp_tmndesa@bomba.gov.my
87 ,WP Kuala Lumpur ,- ,BBP Jinjang ,"Jalan Jinjang Utara 52000, WP Kuala Lumpur ",Tel:03-62574444
,,,,,Fax:03-62500344
,,,,,Email: bbp-jinjang.bomba@1govuc.gov.my 
88 ,WP Kuala Lumpur ,- ,BBP Gombak Selatan ,"Jalan 2/10, Taman Koperasi Polis Fasa 168100, WP Kuala Lumpur ",Tel:03-61859639
,,,,,Fax:03-61851344
,,,,,Email: bbp_gombakselatan@bomba.gov.my
89 ,WP Kuala Lumpur ,- ,BBP Wangsa Maju ,"Jalan Taman Melati 1, Setapak 53100,WP Kuala Lumpur ",Tel:603-41073444
,,,,,Fax:603-41089244
,,,,,Email: bbp-wm.bomba@1govuc.gov.my 
90 ,WP Kuala Lumpur ,- ,BBP Setapak ,"Jalan Air Jernih, Setapak, 53200, WP Kuala Lumpur ",Tel:03-40235544
,,,,,Fax:03-40228444
,,,,,Email: bbp-setapak.bomba@bomba.gov.my
91 ,WP Kuala Lumpur ,- ,BBP Sentul ,"Batu 2 1/2, Jalan Ipoh 50480, WP Kuala Lumpur ",Tel:0340441994
,,,,,Fax:034043 1344
,,,,,Email: bbp-sentul.bomba@1govuc.gov.my 
92 ,WP Kuala Lumpur ,- ,BBP Keramat ,"Jalan Jelatek, 54200, WP Kuala Lumpur ",Tel:03-42514863
,,,,,Fax:03-42514858
,,,,,Email: bbp_jelatek@bomba.gov.my 
93 ,WP Kuala Lumpur ,- ,BBP Titiwangsa ,"Jalan Haji Hussien, 50300, WP Kuala Lumpur ",Tel:03-26913703
,,,,,Fax:03-26984444
,,,,,Email: bbp_chowkit@bomba.gov.my
94 ,WP Kuala Lumpur ,- ,BBP Sri Hartamas ,"Jln 23/70A, Desa Sri Hartamas, 50480, WP Kuala Lumpur ",Tel:03-62032071
,,,,,Fax:03-62032498
,,,,,Email: bbp-shartamas.bomba@bomba.gov.my
95 ,WP Kuala Lumpur ,- ,BBP Taman Tun Dr Ismail ,"Jln Tun Mohd Fuad 60000, WP Kuala Lumpur ",Tel:03-77284444
,,,,,Fax:03-77299444
,,,,,Email: bbp_ttdi@bomba.gov.my
96 ,WP Kuala Lumpur ,- ,BBP Pantai ,"Jalan Pantai Baru 59200, WP Kuala Lumpur ",Tel:03-22824444
,,,,,Fax:03-22826344
,,,,,Email: bbp_pantai@bomba.gov.my 
97 ,WP Kuala Lumpur ,- ,BBP Pudu ,"Jalan Pudu, 55100, WP Kuala Lumpur ",Tel:03-92220336/40
,,,,,Fax:03-92220341
,,,,,Email: bbp_pudu.bomba@1govuc.gov.my 
98 ,WP Kuala Lumpur ,- ,BBP Cheras ,"Jalan Manis 1, Taman Segar, Cheras 56100, WP Kuala Lumpur",Tel:03-91329490
,,,,,Fax:03-91300344
,,,,,Email: bbp_cheras@bomba.gov.my 
99 ,WP Kuala Lumpur ,- ,BBP Sungai Besi ,"57000, WP Kuala Lumpur ",Tel:03-90584444
,,,,,Fax:03-90573344
,,,,,Email: bbp_sgbesi@bomba.gov.my
100 ,WP Kuala Lumpur ,- ,BBP Bandar Tun Razak ,"Jalan Yaakob Latif 56000, WP Kuala Lumpur ",Tel:03-91312440
,,,,,Fax:03-91321706
,,,,,Email: bbp_btr@bomba.gov.my
101 ,WP Kuala Lumpur ,- ,BBP Bukit Jalil ,"Lebuhraya Bukit Jalil-Puchong 57000, WP Kuala Lumpur ",Tel:03-89967457
,,,,,Fax:03-89968241
,,,,,Email: bbp_bktjalil@bomba.gov.my
102 ,Perak ,Zon Ipoh ,BBP Ipoh ,"Jalan Kompleks Sukan31400, Ipoh 31400, Perak ",Tel:05-5474444 / 2596
,,,,,Fax:05-545 8714
,,,,,Email: bbp_ipoh@bomba.gov.my
103 ,Perak ,Zon Ipoh ,BBP Kampar ,"Jalan Iskandar Kampar 31900, Perak ",Tel:05-4664444
,,,,,Fax:05-4661744
,,,,,Email: bbp-kampar.bomba@1govuc.gov.my 
104 ,Perak ,Zon Ipoh ,BBP Kuala Kangsar ,"Jalan Taiping 33000, Kuala Kangsar 33000, Perak ",Tel:05-7764444
,,,,,Fax:05-7774715
,,,,,Email: bbp_kkangsar@bomba.gov.my
105 ,Perak ,Zon Ipoh ,BBP Batu Gajah ,"Jalan Bomba 31000, Batu Gajah 31000, Perak ",Tel:05-3664444
,,,,,Fax:05-3669587
,,,,,Email: bbp_btgajah@bomba.gov.my
106 ,Perak ,Zon Ipoh ,BBP Gopeng ,"Jalan Key Long 31600, Gopeng 31600, Perak ",Tel:05-3594444
,,,,,Fax:05 – 3592176
,,,,,Email: bbp_gopeng@bomba.gov.my 
107 ,Perak ,Zon Ipoh ,BBP Sungai Siput ,"Jalan Besar Sungai Siput (U) 31100, Perak ",Tel:05-5982444
,,,,,Fax:05-5989045
,,,,,Email: bbp_sgsiput@bomba.gov.my 
108 ,Perak ,Zon Ipoh ,BBP Pasir Putih ,"Jalan Pasir Puteh 31650, Pengkalan31650, Perak ",Tel:05-3229549 / 9548
,,,,,Fax:05-321 6402
,,,,,Email: bbp_pputeh@bomba.gov.my
109 ,Perak ,Zon Ipoh ,BBP Simpang Pulai ,"Kepayang Sungai Raia Simpang Pulai 31300, Perak ",Tel:05-3574444/1123
,,,,,Fax:05-3575772
,,,,,Email: bbp_spgpulai@bomba.gov.my
110 ,Perak ,Zon Ipoh ,BBP Meru Raya ,"Ipoh 30020, Perak ",Tel:055264444
,,,,,Fax:055268655
,,,,,Email: bbp_meru@bomba.gov.my 
111 ,Perak ,Zon Taiping ,BBP Taiping ,"Jalan Panggung Wayang 34000, Taiping 34000, Perak ",Tel:05-8084444
,,,,,Fax:05 - 8052969
,,,,,Email: bbp_taiping@bomba.gov.my 
112 ,Perak ,Zon Taiping ,BBP Pengkalan Hulu ,"Jalan Sri Adika Raja 33100, Pengkalan Hulu33100, Perak ",Tel:04-4778344
,,,,,Fax:04-4770544
,,,,,Email: bbp-pgklnhulu.bomba@1govuc.gov.my 
113 ,Perak ,Zon Taiping ,BBP Gerik ,"Jalan Intan Gerik 33300, Perak ",Tel:05-7911444
,,,,,Fax:05-7916109
,,,,,Email: bbp_gerik@bomba.gov.my 
114 ,Perak ,Zon Taiping ,BBP Lenggong ,"Jalan Besar 33400, Lenggong 33400, Perak ",Tel:05-7677444
,,,,,Fax:05-7679750
,,,,,Email: bbp-lenggong@bomba.gov.my 
115 ,Perak ,Zon Taiping ,BBP Selama ,"Jalan Menteri Selama 34100, Perak ",Tel:05-8394444
,,,,,Fax:05-8396480
,,,,,Email: bbp-selama.bomba@1govuc.gov.my 
116 ,Perak ,Zon Taiping ,BBP Parit Buntar ,"Lorong Bomba 34200, Parit Buntar 34200, Perak ",Tel:05-7164444
,,,,,Fax:05-7171609
,,,,,Email: bbp-ptbuntar.bomba@1govuc.gov.my 
117 ,Perak ,Zon Taiping ,BBP Kamunting ,"Kawasan Perindustrian Kamunting, Kamunting 34600, Perak ",Tel:05-8912322
,,,,,Fax:05-8913520
,,,,,Email: bbp-kamunting.bomba@1govuc.gov.my 
118 ,Perak ,Zon Taiping ,BBP Kuala Kurau ,"Jalan Pantai 34350, Kuala Kurau 34350, Perak ",Tel:05-7277444
,,,,,Fax:05 – 727 6478
,,,,,Email: bbp_kkurau@bomba.gov.my
119 ,Perak ,Zon Taiping ,BBP Bagan Serai ,"Jalan Besar 34300, Bagan Serai 34300, Perak ",Tel:05-7215444
,,,,,Fax:05-7210331
,,,,,Email: bbp_bserai@bomba.gov.my
120 ,Perak ,Zon Manjung ,BBP Seri Manjung ,"Jalan Dato'Seri Kamaruddin, Seri Manjung 32040, Perak ",Tel:05-6884444
,,,,,Fax:05-6883287
,,,,,Email: bbp_manjung@bomba.gov.my
121 ,Perak ,Zon Manjung ,BBP Sitiawan ,"Jalan Haji Mohd Ali 32000, Sitiawan 32000, Perak ",Tel:05-69144444
,,,,,Fax:05-6919010
,,,,,Email: bbp_sitiawan@bomba.gov.my 
122 ,Perak ,Zon Manjung ,BBP Pantai Remis ,"Jalan Pengkalan Bharu, Pantai Remis 34900, Perak ",Tel:05-6771444
,,,,,Fax:05-6777312
,,,,,Email: bbp-remis.bomba@1govuc.gov.my 
123 ,Perak ,Zon Manjung ,BBP Parit ,"Jalan Masjid 32800, Parit 32800, Perak ",Tel:05-3771444
,,,,,Fax:05-3775257
,,,,,Email: bbp_parit@bomba.gov.my 
124 ,Perak ,Zon Manjung ,BBP Seri Iskandar ,"Sri Iskandar 32600, Bota 32600, Perak ",Tel:05-3712024
,,,,,Fax:05 – 371 1839
,,,,,Email: bbp_siskandar@bomba.gov.my
125 ,Perak ,Zon Manjung ,BBP Pulau Pangkor ,"Jalan Besar, Pulau Pangkor 32300, Perak ",Tel:05-6851144
,,,,,Fax:05-6854680
,,,,,Email: bbp_pangkor@bomba.gov.my
126 ,Perak ,Zon Tapah ,BBP Tapah ,"Jalan Cenderiang Lama 35000, Tapah 35000, Perak ",Tel:05-4011444 / 5444
,,,,,Fax:05-4013579
,,,,,Email: bbp_tapah@bomba.gov.my
127 ,Perak ,Zon Tapah ,BBP Teluk Intan ,"Jalan Laksamana 36000, Telok Intan 36000, Perak ",Tel:05-6221444
,,,,,Fax:05-6233387
,,,,,Email: bbp_tlkintan@bomba.gov.my
128 ,Perak ,Zon Tapah ,BBP Tanjung Malim ,"Jalan Slim, Tanjung Malim 35900, Perak ",Tel:05-4596444
,,,,,Fax:05-4581346
,,,,,Email: bbp_tjgmalim@bomba.gov.my
129 ,Perak ,Zon Tapah ,BBP Bidor ,"Jalan Sungkai 35500, Bidor 35500, Perak ",Tel:05-4340444
,,,,,Fax:05-4348920
,,,,,Email: bbp-bidor@1govuc.gov.my 
130 ,Perak ,Zon Tapah ,BBP Slim River ,"Jalan Sungkai 35800, Slim River 35800, Perak ",Tel:05-4528444
,,,,,Fax:05-4526912
,,,,,Email: bbp_slimriver@bomba.gov.my 
131 ,Perak ,Zon Tapah ,BBP Hutan Melintang ,"Jalan Bagan Datoh, Hutan Melintang 36400, Perak ",Tel:05-6414444
,,,,,Fax:05-6416445
,,,,,Email: bbp_hutanmelintang@bomba.gov.my 
132 ,Pulau Pinang ,Zon Jalan Perak ,BBP Jalan Perak ,"Jalan Perak, Georgetown 11600, Pulau Pinang ",Tel:04-2825544 / 5744
,,,,,Fax:04-2810680
,,,,,Email: bbp_jlnperak@bomba.gov.my
133 ,Pulau Pinang ,Zon Jalan Perak ,BBP Bagan Jermal ,"Jalan Tanjung Tokong, Georgetown 10470, Pulau Pinang ",Tel:04-8907335 / 0281
,,,,,Fax:04-890 4444
,,,,,Email: bbp_bgnjermal@bomba.gov.my
134 ,Pulau Pinang ,Zon Jalan Perak ,BBP Lebuh Pantai ,"Georgetown 10300, Pulau Pinang ",Tel:04-2614444
,,,,,Fax:04-262 4444
,,,,,Email: bbp_lebuhpantai@bomba.gov.my 
135 ,Pulau Pinang ,Zon Jalan Perak ,BBP Paya Terubong ,"Jalan Paya Terubong, Air Itam 11500, Pulau Pinang ",Tel:04-8270114 / 0127
,,,,,Fax:04-827 0146
,,,,,Email: bbp-pyterubong.bomba@1govuc.gov.my 
136 ,Pulau Pinang ,Zon Bayan Lepas ,BBP Bayan Baru ,"Jalan Tengah, Bayan Baru 11950, Pulau Pinang ",Tel:04-6434444 / 0445
,,,,,Fax:04-644 4444
,,,,,Email: bbp_bynbaru@bomba.gov.my  
137 ,Pulau Pinang ,Zon Bayan Lepas ,BBP Teluk Bahang ,"Jalan Teluk Bahang 11050, Pulau Pinang ",Tel:04-8814152 / 4153
,,,,,Fax:04-881 4154 / 4416
,,,,,Email: bbp-tlkbahang.bomba@1govuc.gov.my  
138 ,Pulau Pinang ,Zon Bayan Lepas ,BBP Balik Pulau ,"Air Puteh, Jalan Sungai Pinang, Balik Pulau 11000, Pulau Pinang ",Tel:04-8661360 / 8669444
,,,,,Fax:04-866 4444
,,,,,Email: bbp-blkpulau.bomba@1govuc.gov.my  
139 ,Pulau Pinang ,Zon Bayan Lepas ,BBP Sri Balik Pulau ,"Jalan Pulau Betong, Balik Pulau 11020, Pulau Pinang",Tel:04-8661495 / 97
,,,,,Fax:04-866 1493
,,,,,Email: bbp-seripulau.bomba@1govuc.gov.my 
140 ,Pulau Pinang ,Zon Perai ,BBP Bandar Perda ,"1025 Mk 7, Jalan Perda Utama, Bukit Mertajam 14000, Pulau Pinang ",Tel:04-5373864
,,,,,Fax:04 - 5397236
,,,,,Email: bbp_bdrperda@bomba.gov.my
141 ,Pulau Pinang ,Zon Perai ,BBP Perai ,"Jalan Perusahaan, Perai 13600, Pulau Pinang ",Tel:04-3984444 / 3970759
,,,,,Fax:04-397 1984 / 390 4444
,,,,,Email: bbp_perai@bomba.gov.my
142 ,Pulau Pinang ,Zon Perai ,BBP Bukit Mertajam ,"Jalan Che Bee Nor, Bukit Mertajam 14000, Pulau Pinang ",Tel:04 - 538 4444 / 537 
,,,,,Fax:04-530 4444
,,,,,Email: bbp-bmertajam.bomba@1govuc.gov.my  
143 ,Pulau Pinang ,Zon Perai ,BBP Nibong Tebal ,"Jalan Atas, Nibong Tebal 14300, Pulau Pinang ",Tel:04-5931444 / 9544
,,,,,Fax:04-594 2920
,,,,,Email: bbp-nbgtebal.bomba@1govuc.gov.my 
144 ,Pulau Pinang ,Zon Perai ,BBP Sungai Bakap ,"Jalan Besar, Simpang Ampat, Seberang Perai Selatan 14100, Pulau Pinang ",Tel:04-5874797 / 4945
,,,,,Fax:04-587 2275
,,,,,Email: bbp_sgbakap@bomba.gov.my
145 ,Pulau Pinang ,Zon Butterworth ,BBP Butterworth ,"Jalan Bagan Luar, Butterworth 12000, Pulau Pinang ",Tel:04-3314444 / 3324444
,,,,,Fax:04-323 4444
,,,,,Email: bbp_bworth@bomba.gov.my  
146 ,Pulau Pinang ,Zon Butterworth ,BBP Kepala Batas ,"Jalan Tun Hamdan Sheikh Tahir, Kepala Batas 13200, Pulau Pinang ",Tel:04-5754444 / 5244
,,,,,Fax:04-574 4444
,,,,,Email: bbp-kbatas.bomba@1govuc.gov.my 
147 ,Pulau Pinang ,Zon Butterworth ,BBP Kuala Muda ,"Penaga, Seberang Perai Utara 13110, Pulau Pinang ",Tel:04-5794175
,,,,,Fax:04-579 4217
,,,,,Email: bbp-kualamuda.bomba@1govuc.my 
148 ,Pulau Pinang ,Zon Butterworth ,BBP Tasek Gelugor ,"Jalan Padang Serai, Tasek Gelugor, Seberang Perai Utara 13300, Pulau Pinang ",Tel:04-5734706 / 7254
,,,,,Fax:04-573 4810
,,,,,Email: bbp_tskgelugor@bomba.gov.my
149 ,Kedah ,Zon Kota Setar ,BBP Alor Setar ,"Jalan Tun Razak Alor Setar 05200, Kedah ",Tel:04-7344444
,,,,,Fax:04-7328271
,,,,,Email: -
150 ,Kedah ,Zon Kota Setar ,BBP Jitra ,"Jitra 06000, Kedah ",Tel:04-9171444
,,,,,Fax:04-9171830
,,,,,Email: -
151 ,Kedah ,Zon Kota Setar ,BBP Jalan Raja ,"Alor Setar 05000, Kedah ",Tel:04-7349307
,,,,,Fax:04-7328367
,,,,,Email: -
152 ,Kedah ,Zon Kota Setar ,BBP Kuala Nerang ,"Kuala Nerang 06300, Kedah ",Tel:04-7867584
,,,,,Fax:04-7860439
,,,,,Email: -
153 ,Kedah ,Zon Kota Setar ,BBP Bukit Kayu Hitam ,"06050 Bukit Kayu Hitam, Kedah",Tel:04-9222350
,,,,,Fax:04-9221520
,,,,,Email: -
154 ,Kedah ,Zon Sungai Petani ,BBP Sungai Petani ,"Jalan Petri, Sungai Petani 08000, Kedah ",Tel:04-4214444
,,,,,Fax:04-4235586
,,,,,Email: rosdi-ismail.bomba@1govuc.gov.my 
155 ,Kedah ,Zon Sungai Petani ,BBP Guar Cempedak ,"08800 Guar Chempedak, Kedah",Tel:04-4686444
,,,,,Fax:04-4681551
,,,,,Email: -
156 ,Kedah ,Zon Sungai Petani ,BBP Sik ,"Jalan Hospital Sik 08200, Kedah ",Tel:04-4695216
,,,,,Fax:04-4695461
,,,,,Email: -
157 ,Kedah ,Zon Sungai Petani ,BBP Tikam Batu ,"Sungai Petani 08600, Kedah ",Tel:04-4388444
,,,,,Fax:044389931
,,,,,Email: -
158 ,Kedah ,Zon Sungai Petani ,BBP Yan ,"Batu 24, Jalan Dulang, Yan 06900, Kedah ",Tel:04-4656444
,,,,,Fax:04-4655061
,,,,,Email: -
159 ,Kedah ,Zon Kulim ,BBP Kulim ,"Jalan Tunku Asaad Kulim 09000, Kedah ",Tel:04-4904444
,,,,,Fax:04-4953951
,,,,,Email: -
160 ,Kedah ,Zon Kulim ,BBP Kulim Hi-Tech ,"Balai Bomba dan Penyelamat Kulim Hi Tech, Jalan Mahang 09000, Kedah ",Tel:04-4034444
,,,,,Fax:04-4035254
,,,,,Email: -
161 ,Kedah ,Zon Kulim ,BBP Baling ,"Jalan Mahmud, Baling 09100, Kedah",Tel:04-4701444
,,,,,Fax:04-4707187
,,,,,Email: -
162 ,Kedah ,Zon Kulim ,BBP Serdang ,"Jalan Raya Serdang, 09800 Kedah",Tel:04-4077444
,,,,,Fax:04-4076526
,,,,,Email: -
163 ,Kedah ,Zon Langkawi ,BBP Langkawi ,"Jalan Ayer Hangat, Langkawi 07000, Kedah ",Tel:04-9693004
,,,,,Fax:04-9666444
,,,,,Email: -
164 ,Kedah ,Zon Langkawi ,BBP Persiaran Putra ,"Kuah Langkawi 07000, Kedah ",Tel:04-9664444
,,,,,Fax:04-9672744
,,,,,Email: -
165 ,Perlis ,- ,BBP Kangar ,"Persiaran Jubli Emas, Kangar 01000, Perlis ",Tel:04-9760544
,,,,,Fax:04-9774627
,,,,,Email: bbp_kangar@bomba.gov.my
166 ,Perlis ,- ,BBP Padang Besar ,"Padang Besar 02100, Perlis ",Tel:04-9490094
,,,,,Fax:04-9492119
,,,,,Email: bbp_pdgbesar@bomba.gov.my
167 ,Perlis ,- ,BBP Arau ,"Jalan Pauh, Arau 02600, Perlis ",Tel:04-9864444
,,,,,Fax:04-9863901
,,,,,Email: bbp_arau@bomba.gov.my
168 ,Perlis ,- ,BBP Kuala Perlis ,"Kuala Perlis 02000, Perlis ",Tel:04-9855332
,,,,,Fax:04-9855341
,,,,,Email: bbp-kualapls.bomba@1govuc.gov.my 
169 ,Kelantan ,Zon Kota Bharu ,BBP Kota Bharu ,"Jalan Long Yunus Kota Bharu 15200, Kelantan ",Tel:097484444
,,,,,Fax:097462239
,,,,,Email: bbp-kotabharu.bomba@1govuc.gov.my 
170 ,Kelantan ,Zon Kota Bharu ,BBP Kota Darul Naim ,"Jalan Kota Darul Naim, Kota Bharu 15050, Kelantan ",Tel:09-7475444
,,,,,Fax:097475905
,,,,,Email: bbp_kotadarulnaim@bomba.gov.my
171 ,Kelantan ,Zon Kota Bharu ,BBP Pengkalan Chepa ,"Jalan Padang Tembak, Pengkalan Chepa 16100, Kelantan ",Tel:09-7744444
,,,,,Fax:09-7748298
,,,,,Email: bbp_pengkalanchepa@bomba.gov.my
172 ,Kelantan ,Zon Kota Bharu ,BBP Ketereh ,"Jln Kuala Krai Ketereh 16450, Kelantan ",Tel:09-7884444 
,,,,,Fax:09-7884406
,,,,,Email: bbp_ketereh@bomba.gov.my
173 ,Kelantan ,Zon Kota Bharu ,BBP Pasir Mas ,"Jalan Pohon Celagi, Pasir Mas 17000, Kelantan ",Tel:09-7909444
,,,,,Fax:09-7904944
,,,,,Email: bbp-pasirmas.bomba@1govuc.gov.my 
174 ,Kelantan ,Zon Kota Bharu ,BBP Rantau Panjang ,"Jalan Lebuh Raya, Rantau Panjang 17200, Kelantan ",Tel:09 - 795 0444
,,,,,Fax:09 - 795 2770
,,,,,Email: bbp_rantaupanjang@bomba.gov.my 
175 ,Kelantan ,Zon Kota Bharu ,BBP Tumpat ,"Jalan Tumpat - Kota Bharu, Kampong Sedar 16200, Kelantan ",Tel:09-7257444
,,,,,Fax:09-7253699
,,,,,Email: bbp_tumpat@bomba.gov.my
176 ,Kelantan ,Zon Kota Bharu ,BBP Pengkalan Kubor ,"Tumpat 16080, Kelantan ",Tel:09-7214444
,,,,,Fax:09-7215687
,,,,,Email: kb_pengkalankubor@bomba.gov.my 
177 ,Kelantan ,Zon Kota Bharu ,BBP Bachok ,"Jalan Kg. Telok Bachok 16300, Kelantan ",Tel:09-7788444
,,,,,Fax:09-7783280
,,,,,Email: bbp_bachok@bomba.gov.my
178 ,Kelantan ,Zon Kota Bharu ,BBP Tunjung ,"Bandar Baru Tunjong, Jalan Pasir Mas Salor, Kota Bharu 15100, Kelantan ",Tel:097462699
,,,,,Fax:097473095
,,,,,Email: kb-tunjung.bomba@1govuc.gov.my 
179 ,Kelantan ,Zon Machang ,BBP Tanah Merah ,"Jalan Pasir Mas, 17500, Kelantan ",Tel:09-9556444
,,,,,Fax:09-9553644
,,,,,Email: bbp_tanahmerah@bomba.gov.my
180 ,Kelantan ,Zon Machang ,BBP Jeli ,"Jeli 17600, Kelantan ",Tel:09-9440444
,,,,,Fax:09-9441452
,,,,,Email: bbp_jeli@bomba.gov.my
181 ,Kelantan ,Zon Machang ,BBP Machang ,"Jalan Kuala Krai 18500, Kelantan ",Tel:09-9752444
,,,,,Fax:09-9751821
,,,,,Email: bbp-machang.bomba@1govuc.gov.my 
182 ,Kelantan ,Zon Machang ,BBP Pasir Puteh ,"Jalan Kota Bharu - Pasir Puteh 16800 Pasir Puteh 16800, Kelantan ",Tel:09-7867444
,,,,,Fax:09-7865044
,,,,,Email: bbp-pasirputeh.bomba@1govuc.gov.my 
183 ,Kelantan ,Zon Machang ,BBP Kuala Krai ,"Jalan Ah Seng Kuala Krai 18000, Kelantan ",Tel:09-9666444
,,,,,Fax:09-966044
,,,,,Email: bbp_kualakrai@bomba.gov.my
184 ,Kelantan ,Zon Machang ,BBP Gua Musang ,"Jalan Persiaran Raja Gua Musang 18300, Kelantan ",Tel:09-9121444
,,,,,Fax:09-9123445
,,,,,Email: bbp-guamusang.bomba@1govuc.gov.my 
185 ,Terengganu ,Zon K. Terengganu ,BBP Kuala Terengganu ,"Jalan Kemajuan, Bukit Kecil Kuala Terengganu 20648, Terengganu ",Tel:09-6234444
,,,,,Fax:09-6315351/6241
,,,,,Email: bbp-kt.bomba@1govuc.gov.my 
186 ,Terengganu ,Zon K. Terengganu ,BBP Jalan Kota ,"Jalan Kota, Kuala Terengganu 20000, Terengganu ",Tel:09-6243105
,,,,,Fax:09-6312732/6349
,,,,,Email: bbp-jlnkota.bomba@1govuc.gov.my 
187 ,Terengganu ,Zon K. Terengganu ,BBP Marang ,"Marang 21600, Terengganu ",Tel:09-6183444
,,,,,Fax:09-6185276
,,,,,Email: bbp-marang.bomba@1govuc.gov.my 
188 ,Terengganu ,Zon K. Terengganu ,BBP Wakaf Tapai ,"Wakaf Tapai, Marang 21040, Terengganu ",Tel:09-6803544
,,,,,Fax:09-6803159/3644
,,,,,Email: bbp-wtapai.bomba@1govuc.gov.my 
189 ,Terengganu ,Zon K. Terengganu ,BBP Kuala Berang ,"Kuala Berang 21700, Terengganu ",Tel:09-6811444
,,,,,Fax:09-6813685
,,,,,Email: bbp-kberang.bomba@1govuc.gov.my 
190 ,Terengganu ,Zon K. Terengganu ,BBP Setiu ,"Bandar Permaisuri Setiu 22100, Terengganu ",Tel:09-6097444
,,,,,Fax:09-6097194/09-6097971
,,,,,Email: bbp-setiu.bomba@1govuc.gov.my 
191 ,Terengganu ,Zon K. Terengganu ,BBP Jerteh ,"Jalan Kubang Siam Seberang Jerteh 22000, Terengganu ",Tel:09-6904444
,,,,,Fax:09-6903693 / 09-6903993
,,,,,Email: bbp-jerteh.bomba@1govuc.gov.my 
192 ,Terengganu ,Zon K. Terengganu ,BBP Besut ,"Kampung Raja Besut 22200, Terengganu ",Tel:09-6956444
,,,,,Fax:09-6957024
,,,,,Email: bbp-besut.bomba@1govuc.gov.my 
193 ,Terengganu ,Zon Kerteh ,BBP Dungun ,"Jalan Sungai Penaga, Dungun 23000, Terengganu ",Tel:09-8484444
,,,,,Fax:09-8453420
,,,,,Email: bbp-dungun.bomba@1govuc.gov.my 
194 ,Terengganu ,Zon Kerteh ,BBP Paka ,"Jalan Santong 23100 Paka, Dungun 23100, Terengganu ",Tel:09-8274444
,,,,,Fax:09-8277984/09-8272843
,,,,,Email: bbp-paka.bomba@1govuc.gov.my  
195 ,Terengganu ,Zon Kerteh ,BBP Kemaman ,"Jalan Abdul Rahman Chukai, Kemaman 24000, Terengganu",Tel:09-8594444
,,,,,Fax:09-8582157/09-8593502
,,,,,Email: bbp-kmn.bomba@1govuc.gov.my 
196 ,Terengganu ,Zon Kerteh ,BBP Chukai ,"Jalan Kubang Kurus Kemaman 24000, Terengganu ",Tel:09-8598744
,,,,,Fax:09-8581559/09-8594902
,,,,,Email: bbp_chukai@bomba.gov.my 
197 ,Terengganu ,Zon Kerteh ,BBP Kerteh ,"Kerteh, Kemaman 24300, Terengganu ",Tel:09-8261444
,,,,,Fax:09-8263799
,,,,,Email: bbp-kerteh.bomba@1govuc.gov.my 
198 ,Terengganu ,Zon Kerteh ,BBP Al-Muktafi Billah Shah ,"Bandar Al Muktafi Billah Shah, Ketengah, Dungun 23400, Terengganu ",Tel:09-8221848
,,,,,Fax:09-8221966/1566
,,,,,Email: bbp-ambs.bomba@1govuc.gov.my 
199 ,Terengganu ,Zon Kerteh ,BBP Cheneh ,"Peringkat 2, Bandar Cheneh Baru, Cheneh,  Kemaman 24000, Terengganu ",Tel:09-8730444
,,,,,Fax:09-8733477
,,,,,Email: bbp-cheneh.bomba@1govuc.gov.my 
200 ,Pahang ,Zon Kuantan ,BBP Kuantan ,"Jalan Bukit Ubi 25200, Pahang ",Tel:09-5130994
,,,,,Fax:09-5159444
,,,,,Email: bbp-kuantan.bomba@1govuc.gov.my 
201 ,Pahang ,Zon Kuantan ,BBP Gebeng ,"Jalan Kuantan By-Pass, Kuantan 26190, Pahang ",Tel:09-5837977
,,,,,Fax:09-5837973
,,,,,Email: bbp-gebeng.bomba@1govuc.gov.my 
202 ,Pahang ,Zon Kuantan ,BBP Indera Mahkota ,"Indera Mahkota 25200, Pahang ",Tel:09-5739994
,,,,,Fax:09-5734993
,,,,,Email: bbp-imahkota.bomba@1govuc.gov.my 
203 ,Pahang ,Zon Kuantan ,BBP Taman TAS ,"Taman Tas 25150, Pahang ",Tel:09-5393704
,,,,,Fax:09-5393895
,,,,,Email: bbp-tmntas.bomba@1govuc.gov.my 
204 ,Pahang ,Zon Kuantan ,BBP Rompin ,"Balai Bomba dan Penyelamat Kuala Rompin 26800, Pahang ",Tel:09-4146444
,,,,,Fax:09-4141466
,,,,,Email: bbp-rompin.bomba@1govuc.gov.my 
205 ,Pahang ,Zon Kuantan ,BBP Peramu ,"Balai Bomba dan Penyelamat Peramu 26600, Pahang ",Tel:09-4268804
,,,,,Fax:09-4264195
,,,,,Email: bbp-peramu.bomba@1govuc.gov.my 
206 ,Pahang ,Zon Kuantan ,BBP Pekan ,"Jalan Rompin Lama 26600, Pahang ",Tel:09-4224444
,,,,,Fax:09-4227109
,,,,,Email: bbp-pekan.bomba@1govuc.gov.my 
207 ,Pahang ,Zon Kuantan ,BBP Muadzam Shah ,"Muadzam Shah 26700, Pahang ",Tel:09-4522444
,,,,,Fax:09-4523685
,,,,,Email: bbp-mshah.bomba@1govuc.gov.my 
208 ,Pahang ,Zon Kuantan ,BBP Nenasi ,"Nenasi 26680, Pahang ",Tel:09-4181920
,,,,,Fax:09-4181921
,,,,,Email: bbp-nenasi.bomba@1govuc.gov.my 
209 ,Pahang ,Zon Temerloh ,BBP Temerloh ,"Temerloh 28000, Pahang ",Tel:09-2716999
,,,,,Fax:09-2716944
,,,,,Email: bbp-temerloh.bomba@1govuc.gov.my 
210 ,Pahang ,Zon Temerloh ,BBP Bentong ,"Bentong 28700, Pahang ",Tel:09-2224444
,,,,,Fax:09-2227515
,,,,,Email: bbp-bentong.bomba@1govuc.gov.my 
211 ,Pahang ,Zon Temerloh ,BBP Genting ,"Genting Highlands 69000, Pahang ",Tel:09-61013739
,,,,,Fax:03-61013644
,,,,,Email: bbp-genting.bomba@1govuc.gov.my 
212 ,Pahang ,Zon Temerloh ,BBP Jengka ,"Jengka 26400, Pahang ",Tel:09-4662277
,,,,,Fax:09-4664641
,,,,,Email: bbp-jengka.bomba@1govuc.gov.my 
213 ,Pahang ,Zon Temerloh ,BBP Maran ,"Maran 26500, Pahang ",Tel:09-4771444
,,,,,Fax:09-4771389
,,,,,Email: bbp-maran.bomba@1govuc.gov.my 
214 ,Pahang ,Zon Temerloh ,BBP Karak ,"Karak 28600, Pahang ",Tel:09-2311444
,,,,,Fax:09-2314541
,,,,,Email: bbp-karak.bomba@1govuc.gov.my 
215 ,Pahang ,Zon Temerloh ,BBP Mentakab ,"Mentakab 28400, Pahang ",Tel:09-2771444
,,,,,Fax:09-2774330
,,,,,Email: bbp-mentakab.bomba@1govuc.gov.my 
216 ,Pahang ,Zon Temerloh ,BBP Triang ,"Triang 28300, Pahang ",Tel:09-2554444
,,,,,Fax:09-2557824
,,,,,Email: bbp-triang.bomba@1govuc.gov.my 
217 ,Pahang ,Zon Temerloh ,BBP Jerantut ,"Jalan Bomba, Jerantut 27000, Pahang ",Tel:09-2662444/3444
,,,,,Fax:09-2666819
,,,,,Email: bbp-jerantut.bomba@1govuc.gov.my 
218 ,Pahang ,Zon Temerloh ,BBP Bukit Angin ,"By Pass Temerloh-Mentakab, Temerloh 28000, Pahang ",Tel:09-2716999   
,,,,,Fax:09-2716994
,,,,,Email: bbp_temerloh@bomba.gov.my 
219 ,Pahang ,Zon Lipis ,BBP Raub ,"Raub 27600, Pahang ",Tel:09-3554444
,,,,,Fax:09-3559308
,,,,,Email: bbp-raub.bomba@1govuc.gov.my 
220 ,Pahang ,Zon Lipis ,BBP Kuala Lipis ,"Kuala Lipis 27200, Pahang ",Tel:09-3124444
,,,,,Fax:09-3121542
,,,,,Email: bbp-klipis.bomba@1govuc.gov.my 
221 ,Pahang ,Zon Lipis ,BBP Cameron Highland ,"Cameron Highlands 39100, Pahang ",Tel:05-4911003
,,,,,Fax:05-4914044
,,,,,Email: bbp-cameron.bomba@1govuc.gov.my 
222 ,Sarawak ,Zon Kuching ,BBP Petra Jaya ,"Jalan Sultan Tengah, Kuching 93050, Sarawak ",Tel:082-313557
,,,,,Fax:082-312019
,,,,,Email: bbp_petrajaya@bomba.gov.my
223 ,Sarawak ,Zon Kuching ,BBP Kuching ,"Jalan Padungan, 93100, Sarawak ",Tel:082-241033
,,,,,Fax:082-238225
,,,,,Email: bbp-kuching.bomba@1govuc.gov.my 
224 ,Sarawak ,Zon Kuching ,BBP Batu Lintang ,"Jalan Batu Lintang, Kuching 93200, Sarawak ",Tel:082-241241
,,,,,Fax:082-248370
,,,,,Email: bbp-blintang.bomba@1govuc.gov.my 
225 ,Sarawak ,Zon Kuching ,BBP Lundu ,"Jalan Satu, Lundu 94500, Sarawak",Tel:082-734021
,,,,,Fax:082-734087
,,,,,Email: bbp_lundu@bomba.gov.my
226 ,Sarawak ,Zon Kuching ,BBP Bau ,"KM4, Jalan Bau-Krokong, Bau 94000, Sarawak ",Tel:082-763444
,,,,,Fax:082-762497
,,,,,Email: bbp-bau.bomba@1govuc.gov.my 
227 ,Sarawak ,Zon Kuching ,BBP Tabuan Jaya ,"Jalan Setia Raja, Kuching 93350, Sarawak ","Tel:082-367350,"
,,,,,Fax:082-367481
,,,,,Email: bbp-tabuanjaya.bomba@1govuc.gov.my 
228 ,Sarawak ,Zon Samarahan ,BBP Kota Samarahan ,"Jalan Mohd Musa, Samarahan 94300, Sarawak ",Tel:082-673881
,,,,,Fax:082-673882
,,,,,Email: bbp_kotasamarahan@bomba.gov.my
229 ,Sarawak ,Zon Samarahan ,BBP Siburan ,"KM 31, Jalan Kuching-Serian, Kuching 94200, Sarawak ",Tel:082-864546
,,,,,Fax:082-862095
,,,,,Email: bbp_siburan@bomba.gov.my 
230 ,Sarawak ,Zon Samarahan ,BBP Simunjan ,"Jalan Nanas, Simunjan 94800, Sarawak ",Tel:082-803680
,,,,,Fax:082-803821
,,,,,Email: bbp_simunjan@bomba.gov.my
231 ,Sarawak ,Zon Samarahan ,BBP Serian ,"Jalan Tangga By Pass, Serian 94700, Sarawak ",Tel:082-874190
,,,,,Fax:082-873367 / 873012
,,,,,Email: bbp-serian.bomba@1govuc.gov.my 
232 ,Sarawak ,Zon Sri Aman ,BBP Sri Aman ,"KM7, Jalan Sri Aman-Serian,  Sri Aman 95000, Sarawak ",Tel:083-322228
,,,,,Fax:083-325497
,,,,,Email: bbp_sriaman@bomba.gov.my
233 ,Sarawak ,Zon Sri Aman ,BBP Betong ,"Jalan Bunga Bangit, Betong, Kuching 95700, Sarawak ",Tel:083-471591
,,,,,Fax:083-471548
,,,,,Email: bbp_betong@bomba.gov.my
234 ,Sarawak ,Zon Sri Aman ,BBP Saratok ,"Jalan Spur, Saratok 95400, Sarawak ",Tel:083-436353
,,,,,Fax:083-437411
,,,,,Email: bbp_saratok@bomba.gov.my
235 ,Sarawak ,Zon Sibu ,BBP Sarikei ,"Jalan Bangunan Kerajaan, Sarikei 96100, Sarawak ",Tel:084-654444
,,,,,Fax:084-656452
,,,,,Email: bbp-sarikei@1govuc.gov.my 
236 ,Sarawak ,Zon Sibu ,BBP Bintangor ,"KM 1, Jalan Kelupu, Peti surat 110, Bintagor 96507, Sarawak ",Tel:084-693444
,,,,,Fax:084-694344
,,,,,Email: bbp-bintangor.bomba@1govuc.gov.my 
237 ,Sarawak ,Zon Sibu ,BBP Kanowit ,"Jalan Lukut Penyulau, Kanowit 96700, Sarawak ",Tel:084-752444
,,,,,Fax:084-752419
,,,,,Email: bbp-kanowit.bomba@1govuc.gov.my 
238 ,Sarawak ,Zon Sibu ,BBP Kapit ,"Jalan Beleteh, Kapit 96800, Sarawak ",Tel:084-796444
,,,,,Fax:084-798569
,,,,,Email: bbp_kapit@bomba.gov.my
239 ,Sarawak ,Zon Sibu ,BBP Mukah ,"Jalan Royan, Mukah 96400, Sarawak ",Tel:084-871444
,,,,,Fax:084-872544
,,,,,Email: -
240 ,Sarawak ,Zon Sibu ,BBP Sibu ,"Jalan Central, Sibu 96000, Sarawak ",Tel:084-330343
,,,,,Fax:084-339343
,,,,,Email: bbp-sibu.bomba@1govuc.gov.my 
241 ,Sarawak ,Zon Sibu ,BBP Sungai Merah ,"Jalan Teng Chin Hua, Sibu 96000, Sarawak ",Tel:084-346332
,,,,,Fax:084-347332
,,,,,Email: bbp_sungaimerah@bomba.gov.my
242 ,Sarawak ,Zon Bintulu ,BBP Bintulu ,"Jalan Tun Ahmad Zaidi, Peti Surat 905, Bintulu 97008, Sarawak ",Tel:086-332222/311467
,,,,,Fax:086-335471
,,,,,Email: bbp-bintulu.bomba@1govuc.gov.my 
243 ,Sarawak ,Zon Bintulu ,BBP Samalaju ,"Bintulu 97000, Sarawak",Tel:
,,,,,Fax:
,,,,,Email:  
244 ,Sarawak ,Zon Bintulu ,BBP Tatau ,"D/A Balai Bomba dan Penyelamat Tatau, KM 54, Jalan Bintulu - Sibu Tatau 97200, Sarawak",Tel:086-311052
,,,,,Fax:086-333394
,,,,,Email:  bbp.tatau@bomba.gov.my
245 ,Sarawak ,Zon Miri ,BBP Miri ,"Jalan Miri-Pujut,  Miri 98000, Sarawak ",Tel:085-420991
,,,,,Fax:085-417059
,,,,,Email: bbp-miri.bomba@1govuc.gov.my 
246 ,Sarawak ,Zon Miri ,BBP Lopeng ,"Jalan Miri By Pass, Miri 98000, Sarawak ",Tel:085420972
,,,,,Fax:085-425973 / 085 - 424144( O )
,,,,,Email: bbp-lopeng.bomba@1govuc.gov.my 
247 ,Sarawak ,Zon Miri ,BBP Marudi ,"Marudi 98050, Sarawak ",Tel:085-755189
,,,,,Fax:085-755177
,,,,,Email: bbp-marudi.bomba@1govuc.gov.my 
248 ,Sarawak ,Zon Limbang ,BBP Limbang ,"Jalan Muhibbah, Limbang 98700, Sarawak",Tel:085-211859
,,,,,Fax:085-214773
,,,,,Email: bbp_limbang@bomba.gov.my
249 ,Sarawak ,Zon Limbang ,BBP Lawas ,"Jalan Gaya, Lawas 98850, Sarawak",Tel:085-284962
,,,,,Fax:085-284189
,,,,,Email: bbp-lawas.bomba@1govuc.gov.my 
250 ,WP Labuan ,- ,BBP Labuan ,"Jalan Tun Mustapha Peti Surat 81301, 87023 WP Labuan ",Tel:087-592952
,,,,,Fax:087-428015
,,,,,Email: kbbtm_wplab@bomba.gov.my 
251 ,WP Labuan ,- ,BBP Kg Jawa ,"Jalan Kampung Jawa Peti Surat 81301, 87023 WP Labuan ",Tel:087-414444
,,,,,Fax:087-428022
,,,,,Email: kbbbj_wplab@bomba.gov.my 
252 ,WP Labuan ,- ,BBP Layangan ,"Jalan Mohd Salleh Peti Surat 81301, 87023 WP Labuan ",Tel:087-464444
,,,,,Fax:087-468922
,,,,,Email: Kbbbl_wplab@bomba.gov.my  
253 ,Sabah ,Zon Kota Kinabalu ,BBP Kota Kinabalu ,"Beg Berkunci 2045, Kota Kinabalu 88648, Sabah ",Tel:088-210214
,,,,,Fax:088-223994
,,,,,Email: ketuabkk@bomba.gov.my 
254 ,Sabah ,Zon Kota Kinabalu ,BBP Lintas ,"Jalan Lintas, Likas P.O. Box 30, Kota Kinabalu 88990, Sabah ",Tel:088-422873
,,,,,Fax:088422713
,,,,,Email: bbp_lintas@bomba.gov.my
255 ,Sabah ,Zon Kota Kinabalu ,BBP Penampang ,"Peti Surat 550, Penampang Kota Kinabalu 89507, Sabah 


",Tel:088-715446
,,,,,Fax:088-727934
,,,,,Email: ketuabppg@bomba.gov.my
256 ,Sabah ,Zon Kota Kinabalu ,BBP Tuaran ,"Peti Surat 868 Tuaran 89207, Sabah ",Tel:088-793791
,,,,,Fax:088-792411
,,,,,Email: ketuabtuaran@bomba.gov.my 
257 ,Sabah ,Zon Kudat ,BBP Kudat ,"Peti Surat 279, Kudat 89058, Sabah ",Tel:088-611301
,,,,,Fax:088-613414
,,,,,Email: ketuabkudat.bomba@1govuc.gov.my 
258 ,Sabah ,Zon Kudat ,BBP Ranau ,"Beg Berkunci No.3 Ranau 89300, Sabah ",Tel:088-878779
,,,,,Fax:088-875771
,,,,,Email: ketuabranau@bomba.gov.my 
259 ,Sabah ,Zon Kudat ,BBP Kota Belud ,"Peti Surat, 168 Kota Belud 89158, Sabah ",Tel:088-976504
,,,,,Fax:088-977845
,,,,,Email: ketuabkb@bomba.gov.my 
260 ,Sabah ,Zon Kudat ,BBP Kota Marudu ,"Peti Surat 386 Kota Marudu 89108, Sabah ",Tel:088-662889
,,,,,Fax:088-662939
,,,,,Email: bbp-kmarudu.bomba@1govuc.gov.my 
261 ,Sabah ,Zon Beaufort ,BBP Sipitang ,"P/s 480, Sipitang 89850, Sabah ",Tel:087-821444 / 822444
,,,,,Fax:087-821721
,,,,,Email: bbp-sipitang.bomba@1govuc.gov.my 
262 ,Sabah ,Zon Beaufort ,BBP Beaufort ,"W.D.T 01 89809, Sabah ",Tel:087-212025
,,,,,Fax:087-214339
,,,,,Email: ketuabbft.bomba@1govuc.gov.my 
263 ,Sabah ,Zon Beaufort ,BBP Papar ,"W.D.T Bil 5 Papar 89609, Sabah ",Tel:088-913521
,,,,,Fax:088-913609
,,,,,Email: ketuabpapar@bomba.gov.my 
264 ,Sabah ,Zon Beaufort ,BBP Kuala Penyu ,"Kuala Penyu 89747, Sabah ",Tel:087-884221
,,,,,Fax:087-884225
,,,,,Email: ketuabkp.bomba@1govuc.gov.my 
265 ,Sabah ,Zon Tawau ,BBP Tawau ,"Jalan Kelapa, Peti Surat Bil 782, Tawau 91008, Sabah ",Tel:089-774444
,,,,,Fax:089-777444
,,,,,Email: ketuabtawau@bomba.gov.my 
266 ,Sabah ,Zon Tawau ,BBP Kunak ,"Jalan Bagiang Kunak 91207, Sabah ",Tel:089-853444
,,,,,Fax:089-853145
,,,,,Email: ketuabkunak@bomba.gov.my 
267 ,Sabah ,Zon Tawau ,BBP Semporna ,"Peti Surat Bil 76, Semporna 91307, Sabah",Tel:088-781699
,,,,,Fax:089-781548
,,,,,Email: ketuabspn@bomba.gov.my 
268 ,Sabah ,Zon Tawau ,BBP Lahad Datu ,"Jalan Tengah Nipah, Peti Surat 60994, Lahad Datu 91118, Sabah ",Tel:088-881443/ 884444
,,,,,Fax:089-884244
,,,,,Email: ketuabld.bomba@1govuc.gov.my 
269 ,Sabah ,Zon Sandakan ,BBP Sandakan ,"Batu Tiga, Jalan Utara, Peti Surat 1465, Sandakan 90716, Sabah ",Tel:089-214444/214144
,,,,,Fax:089-213196
,,,,,Email: ketuabsdk@bomba.gov.my 
270 ,Sabah ,Zon Sandakan ,BBP Kinabatangan ,"Jalan Datuk Hj Malik Chua, Kota Kinabatangan 90200, Sabah ",Tel:089-562630/089-6310
,,,,,Fax:089-562632
,,,,,Email: ketuabkbtgn@bomba.gov.my 
271 ,Sabah ,Zon Keningau ,BBP Keningau ,"Peti Surat 196 Keningau 89008, Sabah ",Tel:087-331396
,,,,,Fax:087-336402
,,,,,Email: ketuabkgu.bomba@1govuc.gov.my 
272 ,Sabah ,Zon Keningau ,BBP Tambunan ,"Peti surat 334, Tambunan 89650, Sabah ",Tel:087-774850
,,,,,Fax:087-774085
,,,,,Email: ketuabtbn.bomba@1govuc.gov.my 
273 ,Sabah ,Zon Keningau ,BBP Tenom ,"Peti Surat, 103 89907, Sabah ",Tel:087-735646
,,,,,Fax:087-735670
,,,,,Email: ketuabtenom@bomba.gov.my 
